playerID,playerName,yearID,teamID,POS,G,GS,InnOuts,PO,A,E,DP,PB,WP,SB,CS,ZR
abadfe01,Fernando Abad,2019,SFN,P,21,0,39,0,0,0,0,NA,NA,NA,NA,NA
abreubr01,Bryan Abreu,2019,HOU,P,7,0,26,2,2,0,0,NA,NA,NA,NA,NA
abreujo02,Jose Abreu,2019,CHA,1B,125,125,3311,1012,74,8,128,NA,NA,NA,NA,NA
acunaro01,Ronald Acuna,2019,ATL,OF,156,154,4092,325,10,3,1,NA,NA,NA,NA,NA
adamecr01,Cristhian Adames,4038,SFN,2B+3B,7,5,138,7,8,0,2,NA,NA,NA,NA,NA
adamewi01,Willy Adames,2019,TBA,SS,152,145,3944,157,388,17,68,NA,NA,NA,NA,NA
adamja01,Jason Adam,2019,TOR,P,23,0,65,3,2,1,1,NA,NA,NA,NA,NA
adamsau01,Austin Adams,4038,MIN+DET,P,15,0,50,1,3,0,0,NA,NA,NA,NA,NA
adamsau02,Austin Adams,4038,WAS+SEA,P,30,2,96,2,1,1,1,NA,NA,NA,NA,NA
adamsch01,Chance Adams,2019,NYA,P,13,0,76,0,2,0,0,NA,NA,NA,NA,NA
adamsma01,Matt Adams,2019,WAS,1B,79,71,1831,502,51,5,40,NA,NA,NA,NA,NA
adducji02,Jim Adduci,2019,CHN,OF,1,1,24,5,0,0,0,NA,NA,NA,NA,NA
adriaeh01,Ehire Adrianza,12114,MIN,1B+2B+3B+OF+P+SS,83,54,1555,135,112,8,31,NA,NA,NA,NA,NA
agrazda01,Dario Agrazal,2019,PIT,P,15,14,220,5,6,1,1,NA,NA,NA,NA,NA
aguilje01,Jesus Aguilar,6057,MIL+MIL+TBA,1B+3B+1B,77,65,1743,504,42,4,49,NA,NA,NA,NA,NA
ahmedni01,Nick Ahmed,2019,ARI,SS,158,155,4143,207,412,13,79,NA,NA,NA,NA,NA
alanirj01,R. J. Alaniz,4038,SEA+CIN,P,12,0,47,2,2,1,0,NA,NA,NA,NA,NA
alberha01,Hanser Alberto,8076,BAL,2B+3B+OF+P,161,126,3310,179,284,10,73,NA,NA,NA,NA,NA
alberma01,Matt Albers,2019,MIL,P,67,0,179,2,4,0,0,NA,NA,NA,NA,NA
albieoz01,Ozzie Albies,2019,ATL,2B,158,157,4215,273,384,4,117,NA,NA,NA,NA,NA
alcaljo01,Jorge Alcala,2019,MIN,P,2,0,5,0,0,0,0,NA,NA,NA,NA,NA
alcansa01,Sandy Alcantara,2019,MIA,P,32,32,592,10,20,4,0,NA,NA,NA,NA,NA
alcanvi01,Victor Alcantara,2019,DET,P,46,0,128,2,6,1,0,NA,NA,NA,NA,NA
alexasc01,Scott Alexander,2019,LAN,P,28,0,52,2,3,1,0,NA,NA,NA,NA,NA
alexaty01,Tyler Alexander,2019,DET,P,13,8,161,2,2,0,0,NA,NA,NA,NA,NA
alfarjo01,Jorge Alfaro,4038,MIA,1B+C,119,112,2922,930,55,11,8,NA,NA,NA,NA,NA
alforan01,Anthony Alford,2019,TOR,OF,13,5,189,17,0,1,1,NA,NA,NA,NA,NA
allarko01,Kolby Allard,2019,TEX,P,9,9,136,2,0,2,0,NA,NA,NA,NA,NA
allenau01,Austin Allen,4038,SDN,1B+C,21,14,399,131,11,1,3,NA,NA,NA,NA,NA
allenco01,Cody Allen,2019,LAA,P,25,0,69,0,0,0,0,NA,NA,NA,NA,NA
allengr01,Greg Allen,2019,CLE,OF,84,58,1711,125,7,2,0,NA,NA,NA,NA,NA
allenlo01,Logan Allen,4038,SDN+CLE,P,9,4,83,1,7,0,1,NA,NA,NA,NA,NA
almonab01,Abraham Almonte,2019,ARI,OF,12,7,201,16,1,1,0,NA,NA,NA,NA,NA
almonye01,Yency Almonte,2019,COL,P,28,0,102,2,2,0,0,NA,NA,NA,NA,NA
almoral01,Albert Almora,2019,CHN,OF,125,80,2296,201,3,3,0,NA,NA,NA,NA,NA
alonspe01,Pete Alonso,2019,NYN,1B,156,152,3984,1078,112,12,108,NA,NA,NA,NA,NA
alonsyo01,Yonder Alonso,4038,CHA+COL,1B,32,31,780,220,12,2,20,NA,NA,NA,NA,NA
altavda01,Dan Altavilla,2019,SEA,P,17,0,44,0,4,0,0,NA,NA,NA,NA,NA
altheaa01,Aaron Altherr,6057,PHI+PHI+NYN,OF+P+OF,32,8,385,36,0,1,0,NA,NA,NA,NA,NA
altuvjo01,Jose Altuve,4038,HOU,2B+SS,122,119,3077,128,257,12,49,NA,NA,NA,NA,NA
alvarjo02,Jose Alvarez,2019,PHI,P,67,1,177,5,13,0,0,NA,NA,NA,NA,NA
alvarjo03,Jose Alvarado,2019,TBA,P,35,1,90,1,4,1,0,NA,NA,NA,NA,NA
alvaryo01,Yordan Alvarez,2019,HOU,OF,10,9,198,9,1,1,0,NA,NA,NA,NA,NA
alzolad01,Adbert Alzolay,2019,CHN,P,4,2,37,2,1,1,0,NA,NA,NA,NA,NA
anderbr04,Brett Anderson,2019,OAK,P,31,31,528,5,25,3,1,NA,NA,NA,NA,NA
anderbr06,Brian Anderson,4038,MIA,3B+OF,122,119,3133,144,135,7,15,NA,NA,NA,NA,NA
anderch01,Chase Anderson,2019,MIL,P,32,27,417,4,15,1,0,NA,NA,NA,NA,NA
anderco01,Cody Anderson,2019,CLE,P,5,2,26,0,1,0,0,NA,NA,NA,NA,NA
anderdr02,Drew Anderson,2019,PHI,P,2,0,18,0,1,0,0,NA,NA,NA,NA,NA
anderju01,Justin Anderson,2019,LAA,P,54,0,141,2,2,0,0,NA,NA,NA,NA,NA
anderni01,Nick Anderson,4038,MIA+TBA,P,68,0,195,2,4,1,0,NA,NA,NA,NA,NA
andersh01,Shaun Anderson,2019,SFN,P,28,16,288,10,14,2,2,NA,NA,NA,NA,NA
anderta01,Tanner Anderson,2019,OAK,P,5,5,67,3,3,0,0,NA,NA,NA,NA,NA
anderti01,Tim Anderson,2019,CHA,SS,122,122,3150,182,324,26,75,NA,NA,NA,NA,NA
anderty01,Tyler Anderson,2019,COL,P,5,5,62,2,1,0,0,NA,NA,NA,NA,NA
andrima01,Matt Andriese,2019,ARI,P,54,0,212,6,12,2,1,NA,NA,NA,NA,NA
andruel01,Elvis Andrus,2019,TEX,SS,146,146,3838,205,379,13,80,NA,NA,NA,NA,NA
andujmi01,Miguel Andujar,2019,NYA,3B,4,4,99,0,7,3,0,NA,NA,NA,NA,NA
aquinar01,Aristides Aquino,4038,CIN,1B+OF,55,53,1394,97,3,2,0,NA,NA,NA,NA,NA
aranovi01,Victor Arano,2019,PHI,P,3,0,14,0,0,0,0,NA,NA,NA,NA,NA
araujpe01,Pedro Araujo,2019,BAL,P,1,0,2,0,0,0,0,NA,NA,NA,NA,NA
archech01,Chris Archer,2019,PIT,P,23,23,359,7,14,1,0,NA,NA,NA,NA,NA
arciaor01,Orlando Arcia,2019,MIL,SS,150,139,3724,208,350,14,79,NA,NA,NA,NA,NA
arenano01,Nolan Arenado,2019,COL,3B,154,151,3959,111,337,9,43,NA,NA,NA,NA,NA
armenro01,Rogelio Armenteros,2019,HOU,P,5,2,54,1,1,0,0,NA,NA,NA,NA,NA
armstsh01,Shawn Armstrong,4038,SEA+BAL,P,55,0,174,1,2,0,0,NA,NA,NA,NA,NA
arozara01,Randy Arozarena,2019,SLN,OF,11,4,131,11,1,0,0,NA,NA,NA,NA,NA
arraelu01,Luis Arraez,8076,MIN,2B+3B+OF+SS,95,78,2148,101,121,5,31,NA,NA,NA,NA,NA
arrieja01,Jake Arrieta,2019,PHI,P,24,24,407,13,26,3,3,NA,NA,NA,NA,NA
arroych01,Christian Arroyo,4038,TBA,2B+3B,14,14,357,8,24,2,3,NA,NA,NA,NA,NA
arteahu01,Humberto Arteaga,8076,KCA,2B+3B+P+SS,40,33,895,45,81,3,14,NA,NA,NA,NA,NA
astudwi01,Willians Astudillo,10095,MIN,1B+2B+3B+C+OF,59,44,1229,266,37,3,11,NA,NA,NA,NA,NA
austity01,Tyler Austin,8076,MIN+SFN+SFN+MIL,1B+1B+OF+1B,48,32,793,114,9,2,6,NA,NA,NA,NA,NA
aveliab01,Abiatal Avelino,4038,SFN,OF+SS,2,2,42,3,3,0,1,NA,NA,NA,NA,NA
avilaal01,Alex Avila,4038,ARI,C+P,56,49,1299,384,29,2,2,NA,NA,NA,NA,NA
avilalu01,Luis Avilan,2019,NYN,P,45,0,96,4,3,0,0,NA,NA,NA,NA,NA
avilape01,Pedro Avila,2019,SDN,P,1,1,16,1,0,0,0,NA,NA,NA,NA,NA
baderha01,Harrison Bader,2019,SLN,OF,122,95,2729,239,8,4,4,NA,NA,NA,NA,NA
baezja01,Javier Baez,4038,CHN,3B+SS,130,129,3377,167,369,15,88,NA,NA,NA,NA,NA
baezmi01,Michel Baez,2019,SDN,P,24,1,89,4,3,0,0,NA,NA,NA,NA,NA
baezpe01,Pedro Baez,2019,LAN,P,71,0,209,2,6,1,0,NA,NA,NA,NA,NA
baezsa01,Sandy Baez,2019,DET,P,1,0,3,0,0,0,0,NA,NA,NA,NA,NA
baileho02,Homer Bailey,4038,KCA+OAK,P,31,31,490,12,14,0,0,NA,NA,NA,NA,NA
bandaan01,Anthony Banda,2019,TBA,P,3,0,12,0,0,0,0,NA,NA,NA,NA,NA
banuema01,Manny Banuelos,2019,CHA,P,16,8,152,2,1,1,1,NA,NA,NA,NA,NA
bardlu01,Luke Bard,2019,LAA,P,32,3,147,3,1,0,1,NA,NA,NA,NA,NA
barlosc01,Scott Barlow,2019,KCA,P,61,0,211,1,6,0,0,NA,NA,NA,NA,NA
barneau01,Austin Barnes,4038,LAN,2B+C,65,62,1589,554,16,6,1,NA,NA,NA,NA,NA
barneja01,Jacob Barnes,4038,MIL+KCA,P,33,1,98,1,5,0,0,NA,NA,NA,NA,NA
barnema01,Matt Barnes,2019,BOS,P,70,0,193,4,2,1,0,NA,NA,NA,NA,NA
barneto01,Tony Barnette,2019,CHN,P,2,0,4,0,0,0,0,NA,NA,NA,NA,NA
barnhtu01,Tucker Barnhart,4038,CIN,1B+C,105,87,2346,824,47,2,4,NA,NA,NA,NA,NA
baronst01,Steven Baron,2019,PIT,C,5,2,53,12,0,2,0,0,NA,2,0,NA
barraky01,Kyle Barraclough,4038,WAS+SFN,P,43,0,101,3,4,2,0,NA,NA,NA,NA,NA
barreaa01,Aaron Barrett,2019,WAS,P,3,0,7,0,0,0,0,NA,NA,NA,NA,NA
barrefr02,Franklin Barreto,4038,OAK,2B+SS,22,14,440,20,46,5,8,NA,NA,NA,NA,NA
barreja01,Jake Barrett,2019,NYA,P,2,0,11,0,0,0,0,NA,NA,NA,NA,NA
barretr01,Tres Barrera,2019,WAS,C,1,0,6,0,0,0,0,0,NA,0,0,NA
barrija01,Jaime Barria,2019,LAA,P,19,13,248,4,4,0,0,NA,NA,NA,NA,NA
bashlty01,Tyler Bashlor,2019,NYN,P,24,0,66,0,0,0,0,NA,NA,NA,NA,NA
bassan01,Anthony Bass,2019,SEA,P,44,0,144,5,6,0,1,NA,NA,NA,NA,NA
bassich01,Chris Bassitt,2019,OAK,P,28,25,432,5,14,0,3,NA,NA,NA,NA,NA
bauerja01,Jake Bauers,4038,CLE,1B+OF,84,71,1852,263,11,3,13,NA,NA,NA,NA,NA
bauertr01,Trevor Bauer,4038,CLE+CIN,P,34,34,639,12,15,0,1,NA,NA,NA,NA,NA
bautige01,Gerson Bautista,2019,SEA,P,8,2,27,0,0,0,0,NA,NA,NA,NA,NA
beatyma01,Matt Beaty,6057,LAN,1B+3B+OF,79,55,1520,247,27,3,16,NA,NA,NA,NA,NA
beckhgo01,Gordon Beckham,8076,DET,1B+2B+3B+SS,66,56,1557,89,132,5,31,NA,NA,NA,NA,NA
beckhti01,Tim Beckham,10095,SEA,1B+2B+3B+OF+SS,77,72,1847,127,139,14,33,NA,NA,NA,NA,NA
bednada01,David Bednar,2019,SDN,P,13,0,33,1,1,0,1,NA,NA,NA,NA,NA
bedroca01,Cam Bedrosian,2019,LAA,P,59,7,184,5,6,0,0,NA,NA,NA,NA,NA
beedety01,Tyler Beede,2019,SFN,P,24,22,351,6,11,1,3,NA,NA,NA,NA,NA
beeksja01,Jalen Beeks,2019,TBA,P,33,3,313,2,14,0,2,NA,NA,NA,NA,NA
bellico01,Cody Bellinger,4038,LAN,1B+OF,172,151,3936,449,19,4,22,NA,NA,NA,NA,NA
belljo02,Josh Bell,2019,PIT,1B,134,133,3482,981,96,13,91,NA,NA,NA,NA,NA
beltbr01,Brandon Belt,4038,SFN,1B+OF,159,134,3715,1032,101,7,108,NA,NA,NA,NA,NA
bemboan01,Anthony Bemboom,4038,TBA+LAA,C,25,17,463,162,7,0,0,4,NA,7,6,NA
beninan01,Andrew Benintendi,2019,BOS,OF,136,134,3581,182,9,2,3,NA,NA,NA,NA,NA
bergetr01,Travis Bergen,2019,SFN,P,21,0,59,1,1,0,0,NA,NA,NA,NA,NA
berrijo01,Jose Berrios,2019,MIN,P,32,32,601,12,19,1,0,NA,NA,NA,NA,NA
bertijo01,Jon Berti,6057,MIA,3B+OF+SS,80,60,1675,93,93,3,18,NA,NA,NA,NA,NA
betande01,Dellin Betances,2019,NYA,P,1,0,2,0,0,0,0,NA,NA,NA,NA,NA
bettich01,Chad Bettis,2019,COL,P,39,3,191,7,13,1,2,NA,NA,NA,NA,NA
bettsmo01,Mookie Betts,2019,BOS,OF,143,142,3820,320,10,2,0,NA,NA,NA,NA,NA
biagijo01,Joe Biagini,4038,TOR+HOU,P,63,0,194,0,6,2,0,NA,NA,NA,NA,NA
bichebo01,Bo Bichette,2019,TOR,SS,42,42,1085,58,106,7,23,NA,NA,NA,NA,NA
biddlje01,Jesse Biddle,6057,ATL+SEA+TEX,P,30,0,84,1,1,3,0,NA,NA,NA,NA,NA
biebesh01,Shane Bieber,2019,CLE,P,34,33,643,12,14,0,0,NA,NA,NA,NA,NA
biggica01,Cavan Biggio,6057,TOR,1B+2B+OF,101,94,2506,192,207,5,49,NA,NA,NA,NA,NA
birdgr01,Greg Bird,2019,NYA,1B,10,10,256,83,2,0,6,NA,NA,NA,NA,NA
birdky01,Kyle Bird,2019,TEX,P,12,0,38,0,2,0,0,NA,NA,NA,NA,NA
bishobr01,Braden Bishop,2019,SEA,OF,24,16,436,41,1,0,0,NA,NA,NA,NA,NA
blachty01,Ty Blach,4038,SFN+BAL,P,7,5,81,1,3,0,0,NA,NA,NA,NA,NA
blackch02,Charlie Blackmon,2019,COL,OF,135,134,3534,232,5,4,1,NA,NA,NA,NA,NA
blackpa01,Paul Blackburn,2019,OAK,P,4,1,33,1,4,0,0,NA,NA,NA,NA,NA
blackra01,Ray Black,4038,SFN+MIL,P,17,0,48,2,2,0,0,NA,NA,NA,NA,NA
blandal01,Alex Blandino,6057,CIN,1B+2B+3B,17,8,240,23,18,1,5,NA,NA,NA,NA,NA
blazemi01,Michael Blazek,2019,WAS,P,4,0,15,0,0,0,0,NA,NA,NA,NA,NA
bleieri01,Richard Bleier,2019,BAL,P,53,1,166,4,8,0,0,NA,NA,NA,NA,NA
blevije01,Jerry Blevins,2019,ATL,P,45,0,97,3,1,1,0,NA,NA,NA,NA,NA
bogaexa01,Xander Bogaerts,2019,BOS,SS,153,153,4104,165,347,13,70,NA,NA,NA,NA,NA
bolanro01,Ronald Bolanos,2019,SDN,P,5,3,59,2,0,0,0,NA,NA,NA,NA,NA
boltsk01,Skye Bolt,2019,OAK,OF,4,2,66,10,0,0,0,NA,NA,NA,NA,NA
bonifjo01,Jorge Bonifacio,2019,KCA,OF,5,5,123,11,0,0,0,NA,NA,NA,NA,NA
borucry01,Ryan Borucki,2019,TOR,P,2,2,20,0,0,0,0,NA,NA,NA,NA,NA
boshebu01,Buddy Boshers,2019,TOR,P,28,1,60,0,1,0,0,NA,NA,NA,NA,NA
boteda01,David Bote,8076,CHN,2B+3B+OF+SS,127,75,2204,82,183,16,32,NA,NA,NA,NA,NA
bourjpe01,Peter Bourjos,4038,LAA,2B+OF,24,11,365,29,1,0,0,NA,NA,NA,NA,NA
bourju01,Justin Bour,2019,LAA,1B,37,35,926,264,21,1,24,NA,NA,NA,NA,NA
bourqja01,James Bourque,2019,WAS,P,1,0,2,0,0,0,0,NA,NA,NA,NA,NA
bowmama01,Matthew Bowman,2019,CIN,P,27,0,96,2,8,1,0,NA,NA,NA,NA,NA
boxbebr01,Brad Boxberger,2019,KCA,P,29,0,80,3,0,0,0,NA,NA,NA,NA,NA
boydma01,Matt Boyd,2019,DET,P,32,32,556,7,19,1,0,NA,NA,NA,NA,NA
brachbr01,Brad Brach,4038,CHN+NYN,P,58,0,163,5,6,0,1,NA,NA,NA,NA,NA
bradfch02,Chase Bradford,2019,SEA,P,12,0,50,2,3,0,1,NA,NA,NA,NA,NA
bradlar01,Archie Bradley,2019,ARI,P,66,1,215,3,1,0,1,NA,NA,NA,NA,NA
bradlbo01,Bobby Bradley,2019,CLE,1B,5,5,111,39,0,2,3,NA,NA,NA,NA,NA
bradlja02,Jackie Bradley,2019,BOS,OF,145,138,3780,305,10,4,3,NA,NA,NA,NA,NA
brantmi02,Michael Brantley,2019,HOU,OF,123,118,3020,167,3,3,0,NA,NA,NA,NA,NA
brasiry01,Ryan Brasier,2019,BOS,P,62,0,167,4,4,1,0,NA,NA,NA,NA,NA
braulst01,Steven Brault,2019,PIT,P,25,19,340,8,18,0,3,NA,NA,NA,NA,NA
braunry02,Ryan Braun,2019,MIL,OF,112,110,2678,155,6,5,0,NA,NA,NA,NA,NA
brebbjo01,John Brebbia,2019,SLN,P,66,0,218,1,6,0,0,NA,NA,NA,NA,NA
bregmal01,Alex Bregman,4038,HOU,3B+SS,164,150,3904,129,308,11,38,NA,NA,NA,NA,NA
brennbr01,Brandon Brennan,2019,SEA,P,44,0,142,0,5,2,1,NA,NA,NA,NA,NA
breweco01,Colten Brewer,2019,BOS,P,58,0,164,3,12,0,0,NA,NA,NA,NA,NA
briceau01,Austin Brice,2019,MIA,P,36,0,134,2,2,0,0,NA,NA,NA,NA,NA
brighje01,Jeff Brigham,2019,MIA,P,32,0,115,0,3,0,0,NA,NA,NA,NA,NA
brinsle01,Lewis Brinson,2019,MIA,OF,70,64,1670,157,5,5,2,NA,NA,NA,NA,NA
britoso01,Socrates Brito,2019,TOR,OF,17,11,305,26,0,2,0,NA,NA,NA,NA,NA
brittza01,Zack Britton,2019,NYA,P,66,0,184,1,10,0,0,NA,NA,NA,NA,NA
brookaa01,Aaron Brooks,4038,OAK+BAL,P,29,18,330,7,8,1,2,NA,NA,NA,NA,NA
brossmi01,Mike Brosseau,10095,TBA,1B+2B+3B+OF+P,59,32,948,45,58,1,10,NA,NA,NA,NA,NA
brownse01,Seth Brown,4038,OAK,1B+OF,27,17,513,44,4,0,4,NA,NA,NA,NA,NA
broxtke01,Keon Broxton,6057,NYN+BAL+SEA,OF,89,56,1586,177,1,3,0,NA,NA,NA,NA,NA
bruceja01,Jay Bruce,6057,SEA+SEA+PHI,1B+OF+OF,75,71,1800,206,16,4,13,NA,NA,NA,NA,NA
bryankr01,Kris Bryant,6057,CHN,1B+3B+OF,162,142,3720,119,188,15,16,NA,NA,NA,NA,NA
buchhcl01,Clay Buchholz,2019,TOR,P,12,12,177,7,16,0,2,NA,NA,NA,NA,NA
buchtry01,Ryan Buchter,2019,OAK,P,64,0,136,3,6,1,0,NA,NA,NA,NA,NA
buehlwa01,Walker Buehler,2019,LAN,P,30,30,547,11,17,0,1,NA,NA,NA,NA,NA
bumgama01,Madison Bumgarner,2019,SFN,P,34,34,623,2,19,1,1,NA,NA,NA,NA,NA
bummeaa01,Aaron Bummer,2019,CHA,P,58,0,203,4,12,1,1,NA,NA,NA,NA,NA
bundydy01,Dylan Bundy,2019,BAL,P,30,30,485,10,8,0,1,NA,NA,NA,NA,NA
burdini01,Nick Burdi,2019,PIT,P,11,0,26,0,0,0,0,NA,NA,NA,NA,NA
burkebr01,Brock Burke,2019,TEX,P,6,6,80,0,5,0,0,NA,NA,NA,NA,NA
burneco01,Corbin Burnes,2019,MIL,P,32,4,147,2,10,2,0,NA,NA,NA,NA,NA
burrry01,Ryan Burr,2019,CHA,P,16,1,59,1,3,0,0,NA,NA,NA,NA,NA
buterdr01,Drew Butera,4038,COL,1B+C,17,13,354,106,7,0,0,NA,NA,NA,NA,NA
buttrty01,Ty Buttrey,2019,LAA,P,72,0,217,4,5,0,1,NA,NA,NA,NA,NA
buxtoby01,Byron Buxton,2019,MIN,OF,86,78,2076,217,5,2,2,NA,NA,NA,NA,NA
cabreas01,Asdrubal Cabrera,8076,TEX+WAS+WAS+WAS,3B+1B+2B+3B,132,122,3252,117,235,7,40,NA,NA,NA,NA,NA
cabrege01,Genesis Cabrera,2019,SLN,P,13,2,61,0,3,0,0,NA,NA,NA,NA,NA
cabreme01,Melky Cabrera,2019,PIT,OF,97,80,2048,113,5,1,1,NA,NA,NA,NA,NA
cabremi01,Miguel Cabrera,2019,DET,1B,26,26,657,204,5,1,13,NA,NA,NA,NA,NA
cahiltr01,Trevor Cahill,2019,LAA,P,37,11,307,9,9,1,0,NA,NA,NA,NA,NA
cainlo01,Lorenzo Cain,2019,MIL,OF,143,134,3532,306,5,2,1,NA,NA,NA,NA,NA
calhoko01,Kole Calhoun,2019,LAA,OF,150,146,3920,312,7,6,2,NA,NA,NA,NA,NA
calhowi01,Willie Calhoun,2019,TEX,OF,71,69,1830,113,2,1,0,NA,NA,NA,NA,NA
camarjo01,Johan Camargo,10095,ATL,1B+2B+3B+OF+SS,64,46,1310,70,90,7,17,NA,NA,NA,NA,NA
candeje01,Jeimer Candelario,4038,DET,1B+3B,89,86,2324,180,144,7,35,NA,NA,NA,NA,NA
canhama01,Mark Canha,4038,OAK,1B+OF,105,99,2622,280,5,2,6,NA,NA,NA,NA,NA
cannigr01,Griffin Canning,2019,LAA,P,18,17,271,9,12,2,0,NA,NA,NA,NA,NA
canoro01,Robinson Cano,2019,NYN,2B,99,98,2413,164,189,5,51,NA,NA,NA,NA,NA
carasma01,Matt Carasiti,2019,SEA,P,11,5,29,0,1,0,0,NA,NA,NA,NA,NA
caratvi01,Victor Caratini,8076,CHN,1B+3B+C+P,86,59,1678,558,31,3,11,NA,NA,NA,NA,NA
carlesh01,Shane Carle,2019,ATL,P,6,0,28,1,0,0,0,NA,NA,NA,NA,NA
carpeda01,David Carpenter,2019,TEX,P,4,0,10,1,0,0,0,NA,NA,NA,NA,NA
carpema01,Matt Carpenter,4038,SLN,1B+3B,111,104,2699,69,162,8,17,NA,NA,NA,NA,NA
carpery01,Ryan Carpenter,2019,DET,P,9,9,122,1,4,1,0,NA,NA,NA,NA,NA
carraca01,Carlos Carrasco,2019,CLE,P,23,12,240,5,6,0,0,NA,NA,NA,NA,NA
casalcu01,Curt Casali,4038,CIN,1B+C,71,57,1531,575,32,3,4,NA,NA,NA,NA,NA
cashnan01,Andrew Cashner,4038,BAL+BOS,P,42,23,450,10,17,0,1,NA,NA,NA,NA,NA
casteni01,Nick Castellanos,4038,DET+CHN,OF,140,140,3620,289,6,2,1,NA,NA,NA,NA,NA
castidi01,Diego Castillo,2019,TBA,P,65,6,206,2,6,1,0,NA,NA,NA,NA,NA
castijo03,Jose Castillo,2019,SDN,P,1,0,2,0,0,0,0,NA,NA,NA,NA,NA
castilu02,Luis Castillo,2019,CIN,P,32,32,572,17,30,1,1,NA,NA,NA,NA,NA
castiwe01,Welington Castillo,2019,CHA,C,48,46,1185,354,19,4,4,9,NA,30,7,NA
castiwi01,Wilkin Castillo,2019,MIA,C,2,2,54,20,0,0,0,0,NA,0,0,NA
castrha01,Harold Castro,10095,DET,1B+2B+3B+OF+SS,91,87,2326,173,101,7,19,NA,NA,NA,NA,NA
castrja01,Jason Castro,2019,MIN,C,78,72,1894,637,29,1,2,7,NA,29,7,NA
castrmi01,Miguel Castro,2019,BAL,P,65,0,220,7,10,1,1,NA,NA,NA,NA,NA
castrst01,Starlin Castro,6057,MIA,2B+3B+SS,165,159,4192,206,328,13,71,NA,NA,NA,NA,NA
castrwi01,Willi Castro,2019,DET,SS,29,28,759,36,67,4,17,NA,NA,NA,NA,NA
caveja01,Jake Cave,2019,MIN,OF,68,54,1510,125,3,3,1,NA,NA,NA,NA,NA
ceasedy01,Dylan Cease,2019,CHA,P,14,14,219,8,6,1,2,NA,NA,NA,NA,NA
cedenxa01,Xavier Cedeno,2019,CHN,P,5,0,6,0,1,0,0,NA,NA,NA,NA,NA
centeju01,Juan Centeno,2019,BOS,C,5,3,102,25,5,0,1,2,NA,4,1,NA
cervefr01,Francisco Cervelli,8076,PIT+PIT+ATL+ATL,1B+C+1B+C,44,39,953,318,18,3,4,NA,NA,NA,NA,NA
cessalu01,Luis Cessa,2019,NYA,P,43,0,243,2,9,0,1,NA,NA,NA,NA,NA
chacijh01,Jhoulys Chacin,4038,MIL+BOS,P,25,24,310,10,7,0,2,NA,NA,NA,NA,NA
chafian01,Andrew Chafin,2019,ARI,P,77,0,158,7,8,1,2,NA,NA,NA,NA,NA
changyu01,Yu Chang,4038,CLE,3B+SS,33,21,573,11,34,0,2,NA,NA,NA,NA,NA
chapmar01,Aroldis Chapman,2019,NYA,P,60,0,171,1,3,2,0,NA,NA,NA,NA,NA
chapmma01,Matt Chapman,2019,OAK,3B,156,152,4008,146,311,9,27,NA,NA,NA,NA,NA
chargjt01,J. T. Chargois,2019,LAN,P,21,0,64,2,0,0,0,NA,NA,NA,NA,NA
chatwty01,Tyler Chatwood,2019,CHN,P,38,5,230,7,11,1,1,NA,NA,NA,NA,NA
chaveje01,Jesse Chavez,2019,TEX,P,48,9,234,2,7,0,0,NA,NA,NA,NA,NA
chavimi01,Michael Chavis,6057,BOS,1B+2B+3B,99,85,2353,415,108,8,44,NA,NA,NA,NA,NA
chenwe02,Wei-Yin Chen,2019,MIA,P,45,0,205,5,7,0,0,NA,NA,NA,NA,NA
chiriro01,Robinson Chirinos,2019,HOU,C,112,106,2898,1078,51,6,5,4,NA,45,12,NA
chiriyo01,Yonny Chirinos,2019,TBA,P,26,18,400,4,10,1,1,NA,NA,NA,NA,NA
choiji01,Ji-Man Choi,2019,TBA,1B,103,92,2526,748,36,6,66,NA,NA,NA,NA,NA
choosh01,Shin-Soo Choo,2019,TEX,OF,81,80,2066,153,0,4,0,NA,NA,NA,NA,NA
cimbead01,Adam Cimber,2019,CLE,P,68,0,170,4,10,2,1,NA,NA,NA,NA,NA
cishest01,Steve Cishek,2019,CHN,P,70,0,192,4,8,1,1,NA,NA,NA,NA,NA
cisnejo01,Jose Cisnero,2019,DET,P,35,0,106,2,2,0,0,NA,NA,NA,NA,NA
ciuffni01,Nick Ciuffo,2019,TBA,C,3,1,48,21,2,0,0,2,NA,1,1,NA
civalaa01,Aaron Civale,2019,CLE,P,10,10,173,1,4,1,0,NA,NA,NA,NA,NA
clarkta01,Taylor Clarke,2019,ARI,P,23,15,254,4,6,2,0,NA,NA,NA,NA,NA
claseem01,Emmanuel Clase,2019,TEX,P,21,1,70,0,0,2,0,NA,NA,NA,NA,NA
claudal01,Alex Claudio,2019,MIL,P,83,0,186,4,16,0,2,NA,NA,NA,NA,NA
clevimi01,Mike Clevinger,2019,CLE,P,21,21,378,12,11,0,0,NA,NA,NA,NA,NA
clippty01,Tyler Clippard,2019,CLE,P,53,3,186,2,3,1,0,NA,NA,NA,NA,NA
cobbal01,Alex Cobb,2019,BAL,P,3,3,37,0,3,0,0,NA,NA,NA,NA,NA
coleaj01,A. J. Cole,2019,CLE,P,25,0,78,0,3,0,0,NA,NA,NA,NA,NA
colege01,Gerrit Cole,2019,HOU,P,33,33,637,14,12,0,0,NA,NA,NA,NA,NA
coleta01,Taylor Cole,2019,LAA,P,38,6,155,1,10,0,3,NA,NA,NA,NA,NA
colliti01,Tim Collins,2019,CHN,P,9,0,26,0,1,0,0,NA,NA,NA,NA,NA
colliza01,Zack Collins,4038,CHA,1B+C,11,11,295,80,1,0,0,NA,NA,NA,NA,NA
colomal01,Alex Colome,2019,CHA,P,62,0,183,2,3,1,0,NA,NA,NA,NA,NA
colonch01,Christian Colon,2019,CIN,2B,3,0,11,0,1,0,0,NA,NA,NA,NA,NA
confomi01,Michael Conforto,2019,NYN,OF,149,143,3841,297,8,3,1,NA,NA,NA,NA,NA
conlead01,Adam Conley,2019,MIA,P,60,0,182,3,10,0,2,NA,NA,NA,NA,NA
contrwi01,Willson Contreras,6057,CHN,1B+C+OF,104,94,2494,777,52,12,3,NA,NA,NA,NA,NA
coonrsa01,Sam Coonrod,2019,SFN,P,33,0,83,3,4,0,1,NA,NA,NA,NA,NA
coopega03,Garrett Cooper,4038,MIA,1B+OF,104,97,2428,502,41,3,40,NA,NA,NA,NA,NA
corbipa01,Patrick Corbin,2019,WAS,P,33,33,606,12,30,0,0,NA,NA,NA,NA,NA
cordefr02,Franchy Cordero,2019,SDN,OF,7,4,120,8,0,0,0,NA,NA,NA,NA,NA
cordeji01,Jimmy Cordero,4038,TOR+CHA,P,31,0,112,2,1,0,0,NA,NA,NA,NA,NA
cordery01,Ryan Cordell,2019,CHA,OF,91,63,1798,153,2,3,2,NA,NA,NA,NA,NA
correca01,Carlos Correa,2019,HOU,SS,75,75,1927,95,176,2,34,NA,NA,NA,NA,NA
cortene01,Nestor Cortes,2019,NYA,P,33,1,200,1,5,1,2,NA,NA,NA,NA,NA
courtry01,Ryan Court,4038,SEA,1B+OF,12,5,178,26,2,1,4,NA,NA,NA,NA,NA
coveydy01,Dylan Covey,2019,CHA,P,18,12,176,6,2,1,0,NA,NA,NA,NA,NA
cowarka01,Kaleb Cowart,4038,LAA,2B+3B,9,6,195,9,12,0,2,NA,NA,NA,NA,NA
cozarza01,Zack Cozart,6057,LAA,2B+3B+SS,37,27,728,30,51,4,4,NA,NA,NA,NA,NA
crawfbr01,Brandon Crawford,2019,SFN,SS,142,137,3699,190,366,16,81,NA,NA,NA,NA,NA
crawfjp01,J. P. Crawford,2019,SEA,SS,93,92,2419,110,273,12,46,NA,NA,NA,NA,NA
crichst01,Stefan Crichton,2019,ARI,P,28,0,91,2,4,1,0,NA,NA,NA,NA,NA
crickky01,Kyle Crick,2019,PIT,P,52,0,147,3,6,1,1,NA,NA,NA,NA,NA
croncj01,C. J. Cron,2019,MIN,1B,117,110,2980,927,61,8,87,NA,NA,NA,NA,NA
cronke01,Kevin Cron,4038,ARI,1B+3B,13,7,199,56,3,1,7,NA,NA,NA,NA,NA
cuetojo01,Johnny Cueto,2019,SFN,P,4,4,48,1,3,0,0,NA,NA,NA,NA,NA
cuevano01,Noel Cuevas,2019,COL,OF,1,1,9,0,0,0,0,NA,NA,NA,NA,NA
culbech01,Charlie Culberson,10095,ATL,1B+3B+OF+P+SS,65,15,687,63,27,2,10,NA,NA,NA,NA,NA
curtijo02,John Curtiss,2019,LAA,P,1,0,7,0,1,0,0,NA,NA,NA,NA,NA
cuthbch01,Cheslor Cuthbert,4038,KCA,1B+3B,86,75,2005,337,78,13,37,NA,NA,NA,NA,NA
dahlda01,David Dahl,2019,COL,OF,93,92,2398,168,1,2,0,NA,NA,NA,NA,NA
darnatr01,Travis d'Arnaud,6057,NYN+TBA+TBA,C+1B+C,106,83,2321,805,31,3,10,NA,NA,NA,NA,NA
darviyu01,Yu Darvish,2019,CHN,P,31,31,536,14,13,1,1,NA,NA,NA,NA,NA
davieza01,Zach Davies,2019,MIL,P,31,31,479,11,20,3,2,NA,NA,NA,NA,NA
davisau01,Austin Davis,2019,PHI,P,14,0,62,1,2,0,0,NA,NA,NA,NA,NA
davisch02,Chris Davis,6057,BAL,1B+OF+P,99,86,2335,672,37,5,86,NA,NA,NA,NA,NA
davisja03,Jaylin Davis,2019,SFN,OF,15,12,304,24,0,0,0,NA,NA,NA,NA,NA
davisjd01,J. D. Davis,4038,NYN,3B+OF,110,98,2416,104,59,7,6,NA,NA,NA,NA,NA
davisjo05,Jonathan Davis,2019,TOR,OF,35,24,675,55,0,1,0,NA,NA,NA,NA,NA
davisjo06,Johnny Davis,2019,TBA,OF,3,0,30,2,0,0,0,NA,NA,NA,NA,NA
daviskh01,Khris Davis,2019,OAK,OF,4,4,72,3,0,0,0,NA,NA,NA,NA,NA
davisra01,Rajai Davis,2019,NYN,OF,14,1,96,6,0,0,0,NA,NA,NA,NA,NA
davisro03,Rookie Davis,2019,PIT,P,5,1,32,1,1,0,0,NA,NA,NA,NA,NA
davista01,Taylor Davis,6057,CHN,1B+C+P,8,4,133,54,3,0,0,NA,NA,NA,NA,NA
daviswa01,Wade Davis,2019,COL,P,50,0,128,2,3,1,2,NA,NA,NA,NA,NA
daytogr01,Grant Dayton,2019,ATL,P,14,0,36,0,1,0,0,NA,NA,NA,NA,NA
dazayo01,Yonathan Daza,2019,COL,OF,29,24,585,49,4,2,0,NA,NA,NA,NA,NA
deanau01,Austin Dean,4038,MIA,1B+OF,54,46,1165,96,5,4,3,NA,NA,NA,NA,NA
degroja01,Jacob deGrom,2019,NYN,P,32,32,612,24,17,1,0,NA,NA,NA,NA,NA
dejonch01,Chase De Jong,2019,MIN,P,1,0,3,0,0,0,0,NA,NA,NA,NA,NA
dejonpa01,Paul DeJong,2019,SLN,SS,157,156,4116,211,435,7,119,NA,NA,NA,NA,NA
deleojo03,Jose De Leon,2019,TBA,P,3,0,12,0,0,0,0,NA,NA,NA,NA,NA
delmoni01,Nick Delmonico,4038,CHA,1B+OF,22,17,429,30,2,1,1,NA,NA,NA,NA,NA
delosen01,Enyel De Los Santos,2019,PHI,P,5,1,33,0,0,0,0,NA,NA,NA,NA,NA
delpomi01,Miguel Del Pozo,2019,LAA,P,17,0,28,1,0,0,0,NA,NA,NA,NA,NA
demertr01,Travis Demeritte,2019,DET,OF,47,46,1235,104,0,1,0,NA,NA,NA,NA,NA
descada01,Daniel Descalso,8076,CHN,1B+2B+3B+P,50,38,923,54,95,3,26,NA,NA,NA,NA,NA
desclan01,Anthony DeSclafani,2019,CIN,P,31,31,500,13,14,0,0,NA,NA,NA,NA,NA
deshide02,Delino DeShields,2019,TEX,OF,112,94,2582,261,2,5,1,NA,NA,NA,NA,NA
desmoia01,Ian Desmond,4038,COL,OF+P,119,104,2827,182,5,5,1,NA,NA,NA,NA,NA
despaod01,Odrisamer Despaigne,2019,CHA,P,3,3,40,0,0,0,0,NA,NA,NA,NA,NA
detwiro01,Ross Detwiler,2019,CHA,P,18,12,209,2,5,0,0,NA,NA,NA,NA,NA
devench02,Chris Devenski,2019,HOU,P,61,1,207,5,5,1,0,NA,NA,NA,NA,NA
deverra01,Rafael Devers,4038,BOS,3B+SS,153,151,4065,117,292,22,20,NA,NA,NA,NA,NA
diazal02,Aledmys Diaz,10095,HOU,1B+2B+3B+OF+SS,79,54,1495,158,66,3,14,NA,NA,NA,NA,NA
diazed04,Edwin Diaz,2019,NYN,P,66,0,174,2,3,0,0,NA,NA,NA,NA,NA
diazel01,Elias Diaz,2019,PIT,C,96,75,2120,694,47,12,5,8,NA,42,15,NA
diazis01,Isan Diaz,2019,MIA,2B,48,47,1255,71,106,9,21,NA,NA,NA,NA,NA
diazja01,Jairo Diaz,2019,COL,P,56,0,173,6,6,2,2,NA,NA,NA,NA,NA
diazmi02,Miguel Diaz,2019,SDN,P,5,0,19,0,0,0,0,NA,NA,NA,NA,NA
diazya01,Yandy Diaz,4038,TBA,1B+3B,72,62,1664,157,84,5,24,NA,NA,NA,NA,NA
diazye01,Yennsy Diaz,2019,TOR,P,1,0,2,0,1,0,0,NA,NA,NA,NA,NA
dickeal01,Alex Dickerson,4038,SDN+SFN,OF,51,36,1036,66,0,0,0,NA,NA,NA,NA,NA
dickeco01,Corey Dickerson,4038,PIT+PHI,OF,65,62,1573,110,0,2,0,NA,NA,NA,NA,NA
diehlph01,Phillip Diehl,2019,COL,P,10,0,22,0,0,0,0,NA,NA,NA,NA,NA
diekmja01,Jake Diekman,4038,KCA+OAK,P,76,0,186,1,5,1,1,NA,NA,NA,NA,NA
dietrde01,Derek Dietrich,8076,CIN,1B+2B+3B+OF,96,65,1640,191,118,3,36,NA,NA,NA,NA,NA
difowi01,Wilmer Difo,6057,WAS,2B+3B+SS,41,35,974,34,78,2,14,NA,NA,NA,NA,NA
dinini01,Nick Dini,2019,KCA,C,20,17,450,112,12,1,1,1,NA,6,4,NA
dixonbr01,Brandon Dixon,10095,DET,1B+2B+3B+OF+P,103,86,2346,490,42,8,39,NA,NA,NA,NA,NA
dobnara01,Randy Dobnak,2019,MIN,P,9,5,85,2,2,1,0,NA,NA,NA,NA,NA
dominse01,Seranthony Dominguez,2019,PHI,P,27,0,74,2,5,0,0,NA,NA,NA,NA,NA
donaljo02,Josh Donaldson,2019,ATL,3B,148,148,3891,100,304,13,38,NA,NA,NA,NA,NA
doolise01,Sean Doolittle,2019,WAS,P,63,0,180,0,0,0,0,NA,NA,NA,NA,NA
dowdyky01,Kyle Dowdy,2019,TEX,P,13,1,67,3,1,0,0,NA,NA,NA,NA,NA
doziebr01,Brian Dozier,4038,WAS,2B+P,124,114,3030,145,248,5,61,NA,NA,NA,NA,NA
doziehu01,Hunter Dozier,6057,KCA,1B+3B+OF,127,123,3234,154,183,9,24,NA,NA,NA,NA,NA
drakeol01,Oliver Drake,2019,TBA,P,50,0,168,6,2,0,0,NA,NA,NA,NA,NA
drurybr01,Brandon Drury,10095,TOR,1B+2B+3B+OF+SS,123,109,2970,219,151,5,25,NA,NA,NA,NA,NA
dubonma01,Mauricio Dubon,6057,MIL+SFN+SFN,SS+2B+SS,32,28,758,51,82,4,18,NA,NA,NA,NA,NA
dudalu01,Lucas Duda,2019,KCA,1B,19,15,413,111,7,0,15,NA,NA,NA,NA,NA
duffety01,Tyler Duffey,2019,MIN,P,58,0,173,3,8,1,0,NA,NA,NA,NA,NA
duffyda01,Danny Duffy,2019,KCA,P,23,23,392,1,13,1,1,NA,NA,NA,NA,NA
duffyma01,Matt Duffy,4038,TBA,3B+SS,47,41,1122,24,73,7,11,NA,NA,NA,NA,NA
duggast01,Steven Duggar,2019,SFN,OF,72,67,1800,155,3,3,2,NA,NA,NA,NA,NA
duggero01,Robert Dugger,2019,MIA,P,7,7,103,1,2,0,0,NA,NA,NA,NA,NA
dukeza01,Zach Duke,2019,CIN,P,30,0,70,3,3,0,1,NA,NA,NA,NA,NA
dullry01,Ryan Dull,6057,OAK+NYA+TOR,P,11,0,38,1,2,0,0,NA,NA,NA,NA,NA
dunnju01,Justin Dunn,2019,SEA,P,4,4,20,0,1,0,0,NA,NA,NA,NA,NA
dunnmi01,Mike Dunn,2019,COL,P,28,0,53,0,1,0,0,NA,NA,NA,NA,NA
duplajo01,Jon Duplantier,2019,ARI,P,15,3,110,2,2,0,1,NA,NA,NA,NA,NA
durapmo01,Montana DuRapau,2019,PIT,P,14,2,52,2,1,0,0,NA,NA,NA,NA,NA
duvalad01,Adam Duvall,2019,ATL,OF,32,26,717,44,2,2,0,NA,NA,NA,NA,NA
dysonja01,Jarrod Dyson,2019,ARI,OF,118,91,2637,208,10,2,1,NA,NA,NA,NA,NA
dysonsa01,Sam Dyson,4038,SFN+MIN,P,61,0,187,7,7,0,1,NA,NA,NA,NA,NA
eadesry01,Ryan Eades,4038,MIN+BAL,P,8,0,34,0,1,0,0,NA,NA,NA,NA,NA
eatonad02,Adam Eaton,2019,WAS,OF,145,143,3662,277,3,6,1,NA,NA,NA,NA,NA
edmanto01,Tommy Edman,6057,SLN,2B+3B+OF,97,75,2008,85,146,5,28,NA,NA,NA,NA,NA
edwarca01,Carl Edwards,4038,CHN+SDN,P,22,0,51,2,2,0,0,NA,NA,NA,NA,NA
edwarjo02,Jon Edwards,2019,CLE,P,9,0,24,1,0,0,0,NA,NA,NA,NA,NA
eflinza01,Zach Eflin,2019,PHI,P,32,28,490,13,20,1,2,NA,NA,NA,NA,NA
eickhje01,Jerad Eickhoff,2019,PHI,P,12,10,175,3,7,0,0,NA,NA,NA,NA,NA
eliasro01,Roenis Elias,4038,SEA+WAS,P,48,0,150,1,4,3,0,NA,NA,NA,NA,NA
ellisch01,Chris Ellis,2019,KCA,P,1,0,3,0,0,0,0,NA,NA,NA,NA,NA
elmorja01,Jake Elmore,6057,PIT,2B+3B+OF,12,8,259,12,3,1,0,NA,NA,NA,NA,NA
encared01,Edwin Encarnacion,6057,SEA+SEA+NYA,1B+2B+1B,58,57,1470,435,24,2,38,NA,NA,NA,NA,NA
engelad01,Adam Engel,2019,CHA,OF,86,65,1825,159,2,3,0,NA,NA,NA,NA,NA
eovalna01,Nathan Eovaldi,2019,BOS,P,23,12,203,8,8,0,2,NA,NA,NA,NA,NA
erlinro01,Robbie Erlin,2019,SDN,P,37,1,166,4,8,1,0,NA,NA,NA,NA,NA
ervinph01,Phil Ervin,2019,CIN,OF,88,51,1559,107,2,2,0,NA,NA,NA,NA,NA
escobed01,Eduardo Escobar,4038,ARI,2B+3B,177,153,4122,125,283,7,40,NA,NA,NA,NA,NA
escoblu01,Luis Escobar,2019,PIT,P,4,0,17,0,2,0,0,NA,NA,NA,NA,NA
eshelto01,Thomas Eshelman,2019,BAL,P,10,4,108,2,2,1,0,NA,NA,NA,NA,NA
estevca01,Carlos Estevez,2019,COL,P,71,0,216,4,4,1,1,NA,NA,NA,NA,NA
estrama01,Marco Estrada,2019,OAK,P,5,5,71,0,1,0,0,NA,NA,NA,NA,NA
estrath01,Thairo Estrada,6057,NYA,2B+OF+SS,30,16,492,33,30,1,7,NA,NA,NA,NA,NA
fairbpe01,Pete Fairbanks,4038,TEX+TBA,P,21,0,63,2,0,1,0,NA,NA,NA,NA,NA
familje01,Jeurys Familia,2019,NYN,P,66,0,180,3,5,0,1,NA,NA,NA,NA,NA
fariaja01,Jake Faria,4038,TBA+MIL,P,16,0,56,0,1,0,0,NA,NA,NA,NA,NA
farmebu01,Buck Farmer,2019,DET,P,73,1,203,4,6,2,1,NA,NA,NA,NA,NA
farmeky01,Kyle Farmer,12114,CIN,1B+2B+3B+C+P+SS,88,35,1162,164,52,3,13,NA,NA,NA,NA,NA
farrelu01,Luke Farrell,2019,TEX,P,9,1,40,0,1,0,0,NA,NA,NA,NA,NA
feddeer01,Erick Fedde,2019,WAS,P,21,12,234,13,12,0,1,NA,NA,NA,NA,NA
federti01,Tim Federowicz,4038,TEX,C+P,30,23,628,203,4,4,0,NA,NA,NA,NA,NA
feierry01,Ryan Feierabend,2019,TOR,P,2,1,17,0,1,0,0,NA,NA,NA,NA,NA
felizmi01,Michael Feliz,2019,PIT,P,58,1,169,3,4,2,0,NA,NA,NA,NA,NA
ferguca01,Caleb Ferguson,2019,LAN,P,46,2,134,1,8,0,0,NA,NA,NA,NA,NA
fernajo04,Jose Fernandez,2019,DET,P,4,0,11,1,1,0,0,NA,NA,NA,NA,NA
fernaju01,Junior Fernandez,2019,SLN,P,13,0,35,0,0,1,0,NA,NA,NA,NA,NA
festama01,Matt Festa,2019,SEA,P,20,0,67,1,3,0,0,NA,NA,NA,NA,NA
fiersmi01,Mike Fiers,2019,OAK,P,33,33,554,8,16,2,1,NA,NA,NA,NA,NA
fillmhe01,Heath Fillmyer,2019,KCA,P,12,3,67,0,3,0,0,NA,NA,NA,NA,NA
fishede01,Derek Fisher,4038,HOU+TOR,OF,47,41,1061,69,1,3,1,NA,NA,NA,NA,NA
flaheja01,Jack Flaherty,2019,SLN,P,33,33,589,18,23,0,4,NA,NA,NA,NA,NA
flahery01,Ryan Flaherty,4038,CLE,2B+3B,13,6,204,6,13,0,0,NA,NA,NA,NA,NA
fletcda02,David Fletcher,8076,LAA,2B+3B+OF+SS,194,145,3917,157,286,8,37,NA,NA,NA,NA,NA
flexech01,Chris Flexen,2019,NYN,P,9,1,41,0,1,0,0,NA,NA,NA,NA,NA
florewi01,Wilmer Flores,4038,ARI,1B+2B,80,60,1500,124,122,6,30,NA,NA,NA,NA,NA
florody01,Dylan Floro,2019,LAN,P,50,0,140,5,4,1,1,NA,NA,NA,NA,NA
flowety01,Tyler Flowers,2019,ATL,C,83,73,2037,676,37,3,3,16,NA,38,9,NA
flynnbr01,Brian Flynn,2019,KCA,P,11,1,88,0,6,0,0,NA,NA,NA,NA,NA
foltymi01,Mike Foltynewicz,2019,ATL,P,21,21,351,3,9,1,0,NA,NA,NA,NA,NA
fontwi01,Wilmer Font,6057,TBA+NYN+TOR,P,48,17,253,6,5,0,1,NA,NA,NA,NA,NA
fordmi01,Mike Ford,4038,NYA,1B+P,30,24,657,191,10,3,22,NA,NA,NA,NA,NA
forsylo01,Logan Forsythe,8076,TEX,1B+2B+3B+SS,102,86,2301,333,131,10,59,NA,NA,NA,NA,NA
fowlede01,Dexter Fowler,2019,SLN,OF,140,132,3414,238,8,5,3,NA,NA,NA,NA,NA
fraleja01,Jake Fraley,2019,SEA,OF,12,10,265,19,0,1,0,NA,NA,NA,NA,NA
francen01,Enderson Franco,2019,SFN,P,5,0,16,1,0,0,0,NA,NA,NA,NA,NA
francma02,Maikel Franco,4038,PHI,1B+3B,112,100,2781,63,195,8,11,NA,NA,NA,NA,NA
francty01,Ty France,8076,SDN,1B+2B+3B+P,60,45,1205,23,99,2,8,NA,NA,NA,NA,NA
frareca01,Caleb Frare,2019,CHA,P,5,0,8,0,0,0,0,NA,NA,NA,NA,NA
fraziad01,Adam Frazier,2019,PIT,2B,142,133,3542,222,327,6,78,NA,NA,NA,NA,NA
frazicl01,Clint Frazier,2019,NYA,OF,53,45,1186,71,6,3,1,NA,NA,NA,NA,NA
frazito01,Todd Frazier,4038,NYN,1B+3B,123,114,3037,106,229,12,24,NA,NA,NA,NA,NA
freelky01,Kyle Freeland,2019,COL,P,22,22,313,3,12,1,1,NA,NA,NA,NA,NA
freemfr01,Freddie Freeman,2019,ATL,1B,158,157,4097,1296,63,6,128,NA,NA,NA,NA,NA
freemmi01,Mike Freeman,10095,CLE,2B+3B+OF+P+SS,67,47,1389,56,112,6,15,NA,NA,NA,NA,NA
freemsa01,Sam Freeman,2019,LAA,P,1,0,6,0,0,0,0,NA,NA,NA,NA,NA
freesda01,David Freese,4038,LAN,1B+3B,52,37,889,287,13,2,18,NA,NA,NA,NA,NA
freitda01,David Freitas,2019,SEA,C,1,1,27,8,0,0,0,0,NA,2,0,NA
friedma01,Max Fried,2019,ATL,P,33,30,497,7,34,3,1,NA,NA,NA,NA,NA
fryja01,Jace Fry,2019,CHA,P,68,0,165,1,8,0,2,NA,NA,NA,NA,NA
frypa01,Paul Fry,2019,BAL,P,66,0,172,7,4,0,0,NA,NA,NA,NA,NA
fuentjo01,Josh Fuentes,4038,COL,1B+3B,13,11,301,98,3,0,6,NA,NA,NA,NA,NA
fulmeca01,Carson Fulmer,2019,CHA,P,20,2,82,1,0,0,0,NA,NA,NA,NA,NA
gagnodr01,Drew Gagnon,2019,NYN,P,18,0,71,3,1,0,0,NA,NA,NA,NA,NA
galero01,Rocky Gale,2019,LAN,C,4,4,96,37,2,1,0,0,NA,2,1,NA
gallaca01,Cam Gallagher,2019,KCA,C,44,36,975,292,8,1,2,1,NA,20,5,NA
gallegi01,Giovanny Gallegos,2019,SLN,P,66,0,222,3,4,1,0,NA,NA,NA,NA,NA
galleza01,Zac Gallen,4038,MIA+ARI,P,15,15,240,4,6,0,0,NA,NA,NA,NA,NA
gallois01,Isaac Galloway,2019,MIA,OF,16,12,334,32,1,0,1,NA,NA,NA,NA,NA
gallojo01,Joey Gallo,2019,TEX,OF,63,63,1654,142,8,4,1,NA,NA,NA,NA,NA
galvifr01,Freddy Galvis,8076,TOR+TOR+CIN+CIN,2B+SS+2B+SS,142,133,3504,172,350,7,73,NA,NA,NA,NA,NA
gamelbe01,Ben Gamel,2019,MIL,OF,108,65,2084,148,2,1,1,NA,NA,NA,NA,NA
gantjo01,John Gant,2019,SLN,P,64,0,199,5,7,0,0,NA,NA,NA,NA,NA
garciar01,Aramis Garcia,4038,SFN,1B+C,16,12,317,113,9,0,5,NA,NA,NA,NA,NA
garciav01,Avisail Garcia,2019,TBA,OF,100,99,2608,170,6,5,1,NA,NA,NA,NA,NA
garcibr01,Bryan Garcia,2019,DET,P,7,0,20,1,0,0,0,NA,NA,NA,NA,NA
garcied01,Edgar Garcia,2019,PHI,P,37,0,117,2,1,0,0,NA,NA,NA,NA,NA
garcigr01,Greg Garcia,10095,SDN,1B+2B+3B+OF+SS,98,73,1999,115,164,5,34,NA,NA,NA,NA,NA
garcija04,Jarlin Garcia,2019,MIA,P,53,0,152,1,9,0,0,NA,NA,NA,NA,NA
garcile02,Leury Garcia,8076,CHA,2B+3B+OF+SS,142,134,3476,222,66,11,16,NA,NA,NA,NA,NA
garcilu03,Luis Garcia,2019,LAA,P,64,2,186,6,10,1,2,NA,NA,NA,NA,NA
garciri01,Rico Garcia,2019,COL,P,2,1,18,0,0,0,0,NA,NA,NA,NA,NA
garciro02,Robel Garcia,4038,CHN,2B+OF,24,15,413,23,30,4,11,NA,NA,NA,NA,NA
garciyi01,Yimi Garcia,2019,LAN,P,64,0,187,1,2,1,0,NA,NA,NA,NA,NA
gardnbr01,Brett Gardner,2019,NYA,OF,140,131,3505,280,3,1,0,NA,NA,NA,NA,NA
garliky01,Kyle Garlick,2019,LAN,OF,15,9,245,20,0,0,0,NA,NA,NA,NA,NA
garnedu01,Dustin Garneau,6057,LAA+LAA+OAK,1B+C+C,35,27,736,239,16,1,0,NA,NA,NA,NA,NA
garream01,Amir Garrett,2019,CIN,P,69,0,168,5,10,1,1,NA,NA,NA,NA,NA
garrere01,Reed Garrett,2019,DET,P,13,0,46,0,0,0,0,NA,NA,NA,NA,NA
gartory01,Ryan Garton,2019,SEA,P,2,0,9,1,0,0,0,NA,NA,NA,NA,NA
garvemi01,Mitch Garver,4038,MIN,1B+C,83,73,2027,693,29,6,4,NA,NA,NA,NA,NA
gausmke01,Kevin Gausman,4038,ATL+CIN,P,31,17,307,6,10,3,0,NA,NA,NA,NA,NA
gavigsa01,Sam Gaviglio,2019,TOR,P,52,0,287,4,5,0,1,NA,NA,NA,NA,NA
gearrco01,Cory Gearrin,4038,SEA+NYA,P,66,2,166,3,7,0,2,NA,NA,NA,NA,NA
gennesc01,Scooter Gennett,4038,CIN+SFN,2B,36,34,826,58,77,1,24,NA,NA,NA,NA,NA
gerbemi01,Mike Gerber,2019,SFN,OF,10,5,142,5,1,0,0,NA,NA,NA,NA,NA
germado01,Domingo German,2019,NYA,P,27,24,429,4,12,2,0,NA,NA,NA,NA,NA
gibauia01,Ian Gibaut,4038,TBA+TEX,P,10,0,43,1,1,0,0,NA,NA,NA,NA,NA
gibsoky01,Kyle Gibson,2019,MIN,P,34,29,480,10,14,2,3,NA,NA,NA,NA,NA
gileske01,Ken Giles,2019,TOR,P,53,0,159,3,2,0,1,NA,NA,NA,NA,NA
gilmase01,Sean Gilmartin,2019,BAL,P,1,1,7,0,1,0,0,NA,NA,NA,NA,NA
ginkeke01,Kevin Ginkel,2019,ARI,P,25,0,73,1,1,1,0,NA,NA,NA,NA,NA
giolilu01,Lucas Giolito,2019,CHA,P,29,29,530,4,15,0,1,NA,NA,NA,NA,NA
givenmy01,Mychal Givens,2019,BAL,P,58,0,189,2,4,2,0,NA,NA,NA,NA,NA
glasnty01,Tyler Glasnow,2019,TBA,P,12,12,182,1,5,0,0,NA,NA,NA,NA,NA
godleza01,Zack Godley,4038,ARI+TOR,P,33,9,276,10,7,2,0,NA,NA,NA,NA,NA
goinsry01,Ryan Goins,8076,CHA,1B+3B+OF+SS,47,34,980,48,74,5,22,NA,NA,NA,NA,NA
goldspa01,Paul Goldschmidt,2019,SLN,1B,159,155,4109,1256,111,5,145,NA,NA,NA,NA,NA
gomesya01,Yan Gomes,4038,WAS,1B+C,94,90,2364,843,41,4,3,NA,NA,NA,NA,NA
gomezca01,Carlos Gomez,2019,NYN,OF,30,23,632,58,2,1,0,NA,NA,NA,NA,NA
gomezje01,Jeanmar Gomez,2019,TEX,P,16,0,46,0,0,0,0,NA,NA,NA,NA,NA
gonsoto01,Tony Gonsolin,2019,LAN,P,11,6,120,2,4,1,0,NA,NA,NA,NA,NA
gonzaca01,Carlos Gonzalez,4038,CLE+CHN,OF,34,32,816,61,0,1,0,NA,NA,NA,NA,NA
gonzach01,Chi Chi Gonzalez,2019,COL,P,14,12,189,4,10,2,1,NA,NA,NA,NA,NA
gonzaer01,Erik Gonzalez,6057,PIT,3B+OF+SS,47,38,1079,30,97,6,19,NA,NA,NA,NA,NA
gonzagi01,Gio Gonzalez,2019,MIL,P,19,17,262,5,12,1,0,NA,NA,NA,NA,NA
gonzama01,Marwin Gonzalez,10095,MIN,1B+2B+3B+OF+SS,123,106,2804,255,100,4,16,NA,NA,NA,NA,NA
gonzama02,Marco Gonzales,2019,SEA,P,34,34,609,7,23,3,2,NA,NA,NA,NA,NA
goodrni01,Niko Goodrum,10095,DET,1B+2B+3B+OF+SS,111,105,2777,286,182,15,40,NA,NA,NA,NA,NA
goodwbr01,Brian Goodwin,2019,LAA,OF,117,101,2777,207,5,5,1,NA,NA,NA,NA,NA
goodyni01,Nick Goody,2019,CLE,P,39,0,122,0,1,1,0,NA,NA,NA,NA,NA
gordoal01,Alex Gordon,4038,KCA,OF+P,148,145,3787,268,7,1,2,NA,NA,NA,NA,NA
gordode01,Dee Strange-Gordon,4038,SEA,2B+SS,113,107,2794,195,246,10,63,NA,NA,NA,NA,NA
gorete01,Terrance Gore,2019,KCA,OF,23,13,396,34,0,1,0,NA,NA,NA,NA,NA
gosseph01,Philip Gosselin,6057,PHI,3B+OF+SS,12,7,230,11,9,1,2,NA,NA,NA,NA,NA
gotttr01,Trevor Gott,2019,SFN,P,50,0,158,2,5,0,0,NA,NA,NA,NA,NA
gourryu01,Yuli Gurriel,6057,HOU,1B+2B+3B,156,142,3744,754,143,7,65,NA,NA,NA,NA,NA
gracema02,Matt Grace,2019,WAS,P,51,1,140,3,2,2,1,NA,NA,NA,NA,NA
grandcu01,Curtis Granderson,2019,MIA,OF,89,67,1833,139,3,0,0,NA,NA,NA,NA,NA
grandya01,Yasmani Grandal,4038,MIL,1B+C,157,140,3716,1283,49,9,24,NA,NA,NA,NA,NA
gratebr01,Brusdar Graterol,2019,MIN,P,10,0,29,1,2,0,0,NA,NA,NA,NA,NA
grateju01,Juan Graterol,2019,CIN,C,5,5,112,46,1,0,1,1,NA,2,0,NA
grayjo02,Jon Gray,2019,COL,P,26,25,450,18,16,1,0,NA,NA,NA,NA,NA
grayso01,Sonny Gray,2019,CIN,P,31,31,526,22,19,2,4,NA,NA,NA,NA,NA
greench03,Chad Green,2019,NYA,P,54,15,207,0,1,0,0,NA,NA,NA,NA,NA
greensh02,Shane Greene,4038,DET+ATL,P,65,0,188,0,6,2,1,NA,NA,NA,NA,NA
greenza01,Zach Green,2019,SFN,3B,5,4,108,2,4,0,2,NA,NA,NA,NA,NA
gregelu01,Luke Gregerson,2019,SLN,P,6,0,17,0,1,0,0,NA,NA,NA,NA,NA
gregodi01,Didi Gregorius,2019,NYA,SS,80,78,2065,93,181,6,48,NA,NA,NA,NA,NA
greingr01,Grayson Greiner,2019,DET,C,58,57,1527,478,23,5,2,4,NA,38,13,NA
greinza01,Zack Greinke,4038,ARI+HOU,P,33,33,626,33,34,1,12,NA,NA,NA,NA,NA
grichra01,Randal Grichuk,2019,TOR,OF,140,139,3634,268,6,2,2,NA,NA,NA,NA,NA
grishtr01,Trent Grisham,2019,MIL,OF,42,36,1015,69,1,0,0,NA,NA,NA,NA,NA
grossro01,Robbie Grossman,2019,OAK,OF,129,103,2929,226,2,0,0,NA,NA,NA,NA,NA
grotzza01,Zac Grotz,2019,SEA,P,14,0,52,0,1,0,0,NA,NA,NA,NA,NA
grullde01,Deivy Grullon,2019,PHI,C,2,2,51,21,0,0,0,0,NA,0,0,NA
gsellro01,Robert Gsellman,2019,NYN,P,52,0,191,2,9,0,2,NA,NA,NA,NA,NA
guduare01,Reymin Guduan,2019,HOU,P,7,0,16,0,0,0,0,NA,NA,NA,NA,NA
guerrde01,Deolis Guerra,2019,MIL,P,1,0,2,0,0,0,0,NA,NA,NA,NA,NA
guerrja01,Javy Guerra,4038,TOR+WAS,P,51,0,203,7,3,1,0,NA,NA,NA,NA,NA
guerrja02,Javy Guerra,2019,SDN,P,8,0,26,1,2,0,0,NA,NA,NA,NA,NA
guerrju02,Junior Guerra,2019,MIL,P,72,0,251,5,7,0,0,NA,NA,NA,NA,NA
guerrta01,Tayron Guerrero,2019,MIA,P,52,0,138,3,2,0,0,NA,NA,NA,NA,NA
guerrta02,Taylor Guerrieri,2019,TEX,P,20,0,79,1,0,0,0,NA,NA,NA,NA,NA
guerrvl02,Vladimir Guerrero,2019,TOR,3B,96,94,2473,66,182,17,23,NA,NA,NA,NA,NA
guilbta01,Taylor Guilbeau,2019,SEA,P,17,0,37,1,2,1,0,NA,NA,NA,NA,NA
guilllu01,Luis Guillorme,6057,NYN,2B+3B+SS,21,8,308,19,28,1,12,NA,NA,NA,NA,NA
gurrilo01,Lourdes Gurriel,6057,TOR,1B+2B+OF,75,70,1852,113,21,2,4,NA,NA,NA,NA,NA
gustaja01,Jandel Gustave,2019,SFN,P,23,0,73,0,3,0,0,NA,NA,NA,NA,NA
gutieke01,Kelvin Gutierrez,2019,KCA,3B,18,18,482,23,35,3,2,NA,NA,NA,NA,NA
guzmaro01,Ronald Guzman,2019,TEX,1B,81,72,1943,544,33,5,61,NA,NA,NA,NA,NA
gyorkje01,Jedd Gyorko,14133,SLN+SLN+SLN+SLN+LAN+LAN+LAN,1B+2B+3B+P+1B+2B+3B,33,15,490,41,40,2,6,NA,NA,NA,NA,NA
haaseer01,Eric Haase,2019,CLE,C,8,2,78,27,2,0,0,1,NA,0,1,NA
haderjo01,Josh Hader,2019,MIL,P,61,0,227,2,5,0,0,NA,NA,NA,NA,NA
haggesa01,Sam Haggerty,4038,NYN,2B+OF,2,0,15,0,0,0,0,NA,NA,NA,NA,NA
hahnje01,Jesse Hahn,2019,KCA,P,6,0,14,0,0,0,0,NA,NA,NA,NA,NA
haleda02,David Hale,2019,NYA,P,20,0,113,5,8,0,0,NA,NA,NA,NA,NA
hallma02,Matt Hall,2019,DET,P,16,0,70,0,1,0,0,NA,NA,NA,NA,NA
hamelco01,Cole Hamels,2019,CHN,P,27,27,425,2,18,1,0,NA,NA,NA,NA,NA
hamilbi02,Billy Hamilton,4038,KCA+ATL,OF,114,89,2478,217,3,0,0,NA,NA,NA,NA,NA
hammejd01,J. D. Hammer,2019,PHI,P,20,0,57,0,2,0,0,NA,NA,NA,NA,NA
hampsga01,Garrett Hampson,6057,COL,2B+OF+SS,98,72,1987,150,134,7,32,NA,NA,NA,NA,NA
handbr01,Brad Hand,2019,CLE,P,60,0,172,0,0,0,0,NA,NA,NA,NA,NA
hanigmi01,Mitch Haniger,2019,SEA,OF,62,62,1618,165,0,1,0,NA,NA,NA,NA,NA
hansoal01,Alen Hanson,6057,TOR,1B+2B+OF,16,11,309,30,15,1,6,NA,NA,NA,NA,NA
happia01,Ian Happ,8076,CHN,1B+2B+3B+OF,57,28,911,98,36,2,9,NA,NA,NA,NA,NA
happja01,J. A. Happ,2019,NYA,P,31,30,484,2,12,1,0,NA,NA,NA,NA,NA
hardybl01,Blaine Hardy,2019,DET,P,39,0,133,3,6,0,0,NA,NA,NA,NA,NA
harpebr03,Bryce Harper,2019,PHI,OF,152,152,3954,284,13,5,1,NA,NA,NA,NA,NA
harpery01,Ryne Harper,2019,MIN,P,61,0,163,3,3,0,0,NA,NA,NA,NA,NA
harrijo05,Josh Harrison,2019,DET,2B,34,34,917,70,86,0,22,NA,NA,NA,NA,NA
harriwi02,Will Harris,2019,HOU,P,68,0,180,6,10,0,4,NA,NA,NA,NA,NA
hartdo01,Donnie Hart,4038,MIL+NYN,P,5,0,23,0,1,0,0,NA,NA,NA,NA,NA
hartlge01,Geoff Hartlieb,2019,PIT,P,29,0,105,2,5,0,0,NA,NA,NA,NA,NA
harvehu01,Hunter Harvey,2019,BAL,P,7,0,19,0,1,0,0,NA,NA,NA,NA,NA
harvejo01,Joe Harvey,4038,NYA+COL,P,18,0,54,0,1,0,0,NA,NA,NA,NA,NA
harvema01,Matt Harvey,2019,LAA,P,12,12,179,4,6,1,1,NA,NA,NA,NA,NA
haselad01,Adam Haseley,2019,PHI,OF,65,59,1623,126,4,1,2,NA,NA,NA,NA,NA
haysau01,Austin Hays,2019,BAL,OF,20,15,460,54,1,0,0,NA,NA,NA,NA,NA
healyry01,Ryon Healy,4038,SEA,1B+3B,55,46,1212,54,81,9,10,NA,NA,NA,NA,NA
heanean01,Andrew Heaney,2019,LAA,P,18,18,286,4,6,0,1,NA,NA,NA,NA,NA
hearnta01,Taylor Hearn,2019,TEX,P,1,1,1,0,0,0,0,NA,NA,NA,NA,NA
hechaad01,Adeiny Hechavarria,12114,NYN+NYN+NYN+ATL+ATL+ATL,2B+3B+SS+2B+3B+SS,65,44,1371,78,120,6,31,NA,NA,NA,NA,NA
hedgeau01,Austin Hedges,4038,SDN,3B+C,97,93,2448,858,35,11,3,NA,NA,NA,NA,NA
heinesc01,Scott Heineman,4038,TEX,1B+OF,25,21,582,70,3,0,3,NA,NA,NA,NA,NA
heinety01,Tyler Heineman,2019,MIA,C,2,2,70,26,1,0,0,0,NA,1,1,NA
hellebe01,Ben Heller,2019,NYA,P,6,0,22,0,0,0,0,NA,NA,NA,NA,NA
hellije01,Jeremy Hellickson,2019,WAS,P,9,8,117,2,7,0,0,NA,NA,NA,NA,NA
helslry01,Ryan Helsley,2019,SLN,P,24,0,110,0,3,0,0,NA,NA,NA,NA,NA
hembrhe01,Heath Hembree,2019,BOS,P,45,0,119,1,1,0,0,NA,NA,NA,NA,NA
hendrky01,Kyle Hendricks,2019,CHN,P,30,30,531,10,29,2,0,NA,NA,NA,NA,NA
hendrli01,Liam Hendriks,2019,OAK,P,75,2,255,6,6,0,0,NA,NA,NA,NA,NA
heredgu01,Guillermo Heredia,2019,TBA,OF,79,55,1602,137,1,3,0,NA,NA,NA,NA,NA
hergeji01,Jimmy Herget,2019,CIN,P,5,0,19,1,0,0,0,NA,NA,NA,NA,NA
hermomi01,Michael Hermosillo,2019,LAA,OF,18,12,345,32,0,0,0,NA,NA,NA,NA,NA
hernace02,Cesar Hernandez,2019,PHI,2B,157,155,4130,271,354,12,96,NA,NA,NA,NA,NA
hernada01,David Hernandez,2019,CIN,P,47,0,128,2,2,0,0,NA,NA,NA,NA,NA
hernada02,Darwinzon Hernandez,2019,BOS,P,29,1,91,1,4,0,1,NA,NA,NA,NA,NA
hernael01,Elieser Hernandez,2019,MIA,P,21,15,247,0,8,0,0,NA,NA,NA,NA,NA
hernaen02,Enrique Hernandez,10095,LAN,1B+2B+3B+OF+SS,142,100,2770,177,174,6,38,NA,NA,NA,NA,NA
hernafe02,Felix Hernandez,2019,SEA,P,15,15,215,1,5,0,0,NA,NA,NA,NA,NA
hernago01,Gorkys Hernandez,2019,BOS,OF,15,12,359,24,1,1,0,NA,NA,NA,NA,NA
hernajo02,Jonathan Hernandez,2019,TEX,P,9,2,50,0,0,0,0,NA,NA,NA,NA,NA
hernama02,Marco Hernandez,4038,BOS,2B+SS,50,29,887,50,63,1,10,NA,NA,NA,NA,NA
hernate01,Teoscar Hernandez,2019,TOR,OF,118,110,2976,261,9,3,4,NA,NA,NA,NA,NA
herreke01,Kelvin Herrera,2019,CHA,P,57,0,154,2,2,0,0,NA,NA,NA,NA,NA
herreod01,Odubel Herrera,2019,PHI,OF,37,32,860,75,0,0,0,NA,NA,NA,NA,NA
herrero02,Rosell Herrera,8076,MIA,2B+3B+OF+SS,51,20,711,46,4,1,2,NA,NA,NA,NA,NA
herrmch01,Chris Herrmann,4038,OAK,C+OF,28,23,627,187,4,2,0,NA,NA,NA,NA,NA
hessda01,David Hess,2019,BAL,P,23,14,240,4,3,1,0,NA,NA,NA,NA,NA
heywaja01,Jason Heyward,2019,CHN,OF,144,137,3666,247,6,5,1,NA,NA,NA,NA,NA
hicksaa01,Aaron Hicks,2019,NYA,OF,58,55,1498,115,0,1,0,NA,NA,NA,NA,NA
hicksjo02,John Hicks,4038,DET,1B+C,89,81,2200,688,46,1,27,NA,NA,NA,NA,NA
hicksjo03,Jordan Hicks,2019,SLN,P,29,0,86,3,3,0,0,NA,NA,NA,NA,NA
higasky01,Kyle Higashioka,2019,NYA,C,18,14,411,146,8,0,2,0,NA,12,3,NA
hildetr01,Trevor Hildenberger,2019,MIN,P,22,0,49,2,2,0,0,NA,NA,NA,NA,NA
hillisa01,Sam Hilliard,2019,COL,OF,25,18,546,51,1,2,0,NA,NA,NA,NA,NA
hillri01,Rich Hill,2019,LAN,P,13,13,176,2,8,1,0,NA,NA,NA,NA,NA
hillti01,Tim Hill,2019,KCA,P,46,0,119,0,5,1,1,NA,NA,NA,NA,NA
hiranyo01,Yoshihisa Hirano,2019,ARI,P,62,0,159,3,7,1,1,NA,NA,NA,NA,NA
hiurake01,Keston Hiura,2019,MIL,2B,81,79,2037,123,175,16,43,NA,NA,NA,NA,NA
hoernni01,Nico Hoerner,6057,CHN,2B+OF+SS,19,19,505,21,51,2,9,NA,NA,NA,NA,NA
hoffmje02,Jeff Hoffman,2019,COL,P,15,15,210,10,10,1,0,NA,NA,NA,NA,NA
holadbr01,Bryan Holaday,4038,MIA,C+P,39,34,934,288,16,1,1,NA,NA,NA,NA,NA
holdejo02,Jonathan Holder,2019,NYA,P,34,1,124,2,3,0,1,NA,NA,NA,NA,NA
hollade01,Derek Holland,4038,SFN+CHN,P,51,8,253,6,16,1,0,NA,NA,NA,NA,NA
hollagr01,Greg Holland,2019,ARI,P,40,0,107,7,1,0,1,NA,NA,NA,NA,NA
holmecl01,Clay Holmes,2019,PIT,P,35,0,150,4,14,1,1,NA,NA,NA,NA,NA
holtbr01,Brock Holt,10095,BOS,1B+2B+3B+OF+SS,90,73,1926,125,160,3,32,NA,NA,NA,NA,NA
hoskirh01,Rhys Hoskins,2019,PHI,1B,158,157,4195,1193,122,9,111,NA,NA,NA,NA,NA
hosmeer01,Eric Hosmer,2019,SDN,1B,157,155,4068,1128,106,14,82,NA,NA,NA,NA,NA
housead01,Adrian Houser,2019,MIL,P,35,18,334,8,4,1,0,NA,NA,NA,NA,NA
howarsa01,Sam Howard,2019,COL,P,20,0,57,0,3,0,0,NA,NA,NA,NA,NA
hoytja01,James Hoyt,2019,CLE,P,8,0,25,0,0,0,0,NA,NA,NA,NA,NA
huangwe01,Wei-Chieh Huang,2019,TEX,P,4,0,17,1,0,0,0,NA,NA,NA,NA,NA
hudsoda01,Daniel Hudson,4038,TOR+WAS,P,69,1,219,5,8,1,0,NA,NA,NA,NA,NA
hudsoda02,Dakota Hudson,2019,SLN,P,33,32,524,13,26,2,1,NA,NA,NA,NA,NA
hugheja02,Jared Hughes,4038,CIN+PHI,P,72,0,214,5,9,0,1,NA,NA,NA,NA,NA
hultzda01,Danny Hultzen,2019,CHN,P,6,0,10,0,1,1,0,NA,NA,NA,NA,NA
hundlni01,Nick Hundley,2019,OAK,C,30,23,586,167,12,0,0,0,NA,18,5,NA
hunteto02,Tommy Hunter,2019,PHI,P,5,0,16,2,0,0,0,NA,NA,NA,NA,NA
iannech01,Chris Iannetta,2019,COL,C,45,37,1016,300,16,3,1,2,NA,19,4,NA
iglesjo01,Jose Iglesias,2019,CIN,SS,144,136,3509,122,324,9,62,NA,NA,NA,NA,NA
iglesra01,Raisel Iglesias,2019,CIN,P,68,0,201,5,6,1,1,NA,NA,NA,NA,NA
inciaen01,Ender Inciarte,2019,ATL,OF,63,57,1473,143,2,1,1,NA,NA,NA,NA,NA
irvinco01,Cole Irvin,2019,PHI,P,16,3,125,5,2,2,0,NA,NA,NA,NA,NA
jacksal02,Alex Jackson,2019,ATL,C,4,4,108,26,3,0,0,0,NA,0,0,NA
jacksdr01,Drew Jackson,2019,BAL,OF,3,1,24,3,0,0,0,NA,NA,NA,NA,NA
jacksed01,Edwin Jackson,4038,TOR+DET,P,18,13,203,5,2,1,0,NA,NA,NA,NA,NA
jacksja01,Jay Jackson,2019,MIL,P,28,0,91,0,3,0,0,NA,NA,NA,NA,NA
jackslu01,Luke Jackson,2019,ATL,P,70,0,218,1,5,2,1,NA,NA,NA,NA,NA
jamesjo02,Josh James,2019,HOU,P,49,1,184,1,3,0,1,NA,NA,NA,NA,NA
jankotr01,Travis Jankowski,2019,SDN,OF,11,2,119,8,1,0,0,NA,NA,NA,NA,NA
janseda01,Danny Jansen,2019,TOR,C,103,94,2558,803,47,4,8,4,NA,42,19,NA
janseke01,Kenley Jansen,2019,LAN,P,62,0,189,7,2,1,0,NA,NA,NA,NA,NA
jayjo02,Jon Jay,2019,CHA,OF,45,42,1092,60,2,1,0,NA,NA,NA,NA,NA
jeffrje01,Jeremy Jeffress,2019,MIL,P,48,0,156,7,9,0,0,NA,NA,NA,NA,NA
jennida01,Dan Jennings,2019,WAS,P,8,0,14,0,1,0,0,NA,NA,NA,NA,NA
jerezwi01,Williams Jerez,4038,SFN+PIT,P,12,0,31,1,2,0,0,NA,NA,NA,NA,NA
jewelja01,Jake Jewell,2019,LAA,P,18,0,79,5,2,0,0,NA,NA,NA,NA,NA
jimened01,Eduardo Jimenez,2019,DET,P,8,0,32,1,0,1,0,NA,NA,NA,NA,NA
jimenel02,Eloy Jimenez,2019,CHA,OF,114,114,2903,190,6,3,1,NA,NA,NA,NA,NA
jimenjo02,Joe Jimenez,2019,DET,P,66,0,179,2,1,1,1,NA,NA,NA,NA,NA
joeco01,Connor Joe,2019,SFN,OF,5,5,99,7,1,0,1,NA,NA,NA,NA,NA
johnsbr02,Brian Johnson,2019,BOS,P,21,7,121,0,1,0,0,NA,NA,NA,NA,NA
johnsdj01,DJ Johnson,2019,COL,P,28,0,75,3,2,0,0,NA,NA,NA,NA,NA
jonesad01,Adam Jones,2019,ARI,OF,130,118,3135,209,2,6,0,NA,NA,NA,NA,NA
jonesja07,JaCoby Jones,2019,DET,OF,85,83,2177,193,1,4,1,NA,NA,NA,NA,NA
jonesna01,Nate Jones,2019,CHA,P,13,0,31,0,1,0,1,NA,NA,NA,NA,NA
josepca01,Caleb Joseph,4038,ARI,C+P,18,11,296,87,6,1,2,NA,NA,NA,NA,NA
josepco01,Corban Joseph,12114,OAK+OAK+SFN+SFN+PIT+PIT,2B+3B+2B+3B+2B+OF,17,12,374,18,25,2,6,NA,NA,NA,NA,NA
joycema01,Matthew Joyce,2019,ATL,OF,37,34,807,54,2,2,1,NA,NA,NA,NA,NA
judgeaa01,Aaron Judge,2019,NYA,OF,92,90,2326,177,7,0,0,NA,NA,NA,NA,NA
junisja01,Jakob Junis,2019,KCA,P,31,31,526,7,13,1,1,NA,NA,NA,NA,NA
juradar01,Ariel Jurado,2019,TEX,P,32,18,367,6,9,2,0,NA,NA,NA,NA,NA
kahnlto01,Tommy Kahnle,2019,NYA,P,72,0,184,4,7,0,1,NA,NA,NA,NA,NA
kangju01,Jung Ho Kang,4038,PIT,3B+SS,59,39,1096,36,84,9,13,NA,NA,NA,NA,NA
karinja01,James Karinchak,2019,CLE,P,5,0,16,0,0,1,0,NA,NA,NA,NA,NA
karnsna01,Nate Karns,2019,BAL,P,4,2,16,0,3,0,1,NA,NA,NA,NA,NA
kayan01,Anthony Kay,2019,TOR,P,3,2,42,0,2,0,0,NA,NA,NA,NA,NA
kelake01,Keone Kela,2019,PIT,P,32,0,89,1,2,0,0,NA,NA,NA,NA,NA
kellebr01,Brad Keller,2019,KCA,P,28,28,496,3,14,1,1,NA,NA,NA,NA,NA
kelleky01,Kyle Keller,2019,MIA,P,10,0,32,0,0,0,0,NA,NA,NA,NA,NA
kellemi03,Mitch Keller,2019,PIT,P,11,11,144,3,1,1,0,NA,NA,NA,NA,NA
kellesh01,Shawn Kelley,2019,TEX,P,50,0,142,6,5,0,2,NA,NA,NA,NA,NA
kelletr01,Trevor Kelley,2019,BOS,P,10,0,25,0,1,0,0,NA,NA,NA,NA,NA
kellyca02,Carson Kelly,4038,ARI,3B+C,102,85,2360,792,49,8,2,NA,NA,NA,NA,NA
kellyjo05,Joe Kelly,2019,LAN,P,55,0,154,4,8,4,0,NA,NA,NA,NA,NA
kellyme01,Merrill Kelly,2019,ARI,P,32,32,550,21,14,4,2,NA,NA,NA,NA,NA
kempma01,Matt Kemp,2019,CIN,OF,17,15,372,16,0,0,0,NA,NA,NA,NA,NA
kempto01,Tony Kemp,8076,HOU+HOU+CHN+CHN,2B+OF+2B+OF,76,51,1511,109,79,1,13,NA,NA,NA,NA,NA
kendrho01,Howie Kendrick,6057,WAS,1B+2B+3B,86,63,1803,308,91,2,35,NA,NA,NA,NA,NA
kenneia01,Ian Kennedy,2019,KCA,P,63,0,190,0,5,1,0,NA,NA,NA,NA,NA
keplema01,Max Kepler,2019,MIN,OF,130,125,3333,277,4,0,2,NA,NA,NA,NA,NA
kershcl01,Clayton Kershaw,2019,LAN,P,29,28,535,3,23,0,1,NA,NA,NA,NA,NA
keuchda01,Dallas Keuchel,2019,ATL,P,19,19,338,3,23,0,4,NA,NA,NA,NA,NA
kieboca01,Carter Kieboom,2019,WAS,SS,10,10,270,15,21,4,4,NA,NA,NA,NA,NA
kiermke01,Kevin Kiermaier,2019,TBA,OF,125,117,3133,250,6,4,1,NA,NA,NA,NA,NA
kikucyu01,Yusei Kikuchi,2019,SEA,P,32,32,485,10,12,1,1,NA,NA,NA,NA,NA
kimbrcr01,Craig Kimbrel,2019,CHN,P,23,0,62,0,1,0,0,NA,NA,NA,NA,NA
kineris01,Isiah Kiner-Falefa,4038,TEX,3B+C,63,54,1477,261,64,3,5,NA,NA,NA,NA,NA
kingesc01,Scott Kingery,8076,PHI,2B+3B+OF+SS,138,115,3036,200,138,9,29,NA,NA,NA,NA,NA
kinghni01,Nick Kingham,4038,PIT+TOR,P,25,4,167,7,5,1,1,NA,NA,NA,NA,NA
kingmi01,Mike King,2019,NYA,P,1,0,6,0,0,1,0,NA,NA,NA,NA,NA
kinlety01,Tyler Kinley,2019,MIA,P,52,0,148,4,6,1,0,NA,NA,NA,NA,NA
kinslia01,Ian Kinsler,4038,SDN,2B+P,73,63,1692,96,155,5,36,NA,NA,NA,NA,NA
kintzbr01,Brandon Kintzler,2019,CHN,P,62,0,171,11,7,0,2,NA,NA,NA,NA,NA
kipnija01,Jason Kipnis,2019,CLE,2B,117,117,3072,150,253,4,51,NA,NA,NA,NA,NA
kittran01,Andrew Kittredge,2019,TBA,P,37,7,149,4,4,0,0,NA,NA,NA,NA,NA
klinebr01,Branden Kline,2019,BAL,P,34,0,123,2,2,0,0,NA,NA,NA,NA,NA
klubeco01,Corey Kluber,2019,CLE,P,7,7,107,0,3,0,0,NA,NA,NA,NA,NA
knappan01,Andrew Knapp,4038,PHI,1B+C,44,30,916,319,27,3,4,NA,NA,NA,NA,NA
kniznan01,Andrew Knizner,4038,SLN,1B+C,17,13,363,124,6,1,3,NA,NA,NA,NA,NA
kochma01,Matt Koch,2019,ARI,P,9,0,62,2,1,0,0,NA,NA,NA,NA,NA
kolarad01,Adam Kolarek,8076,TBA+TBA+LAN+LAN,1B+P+1B+P,83,0,170,6,14,1,1,NA,NA,NA,NA,NA
krameke01,Kevin Kramer,4038,PIT,2B+OF,17,11,296,13,2,0,1,NA,NA,NA,NA,NA
kratzer01,Erik Kratz,4038,SFN+TBA,C,17,13,390,141,12,4,1,4,NA,8,3,NA
kuhnejo01,Joel Kuhnel,2019,CIN,P,11,0,29,0,0,0,0,NA,NA,NA,NA,NA
lagarju01,Juan Lagares,2019,NYN,OF,125,67,2111,169,1,3,1,NA,NA,NA,NA,NA
lailbr01,Brady Lail,2019,NYA,P,1,0,8,0,1,0,0,NA,NA,NA,NA,NA
lakintr01,Travis Lakins,2019,BOS,P,16,3,70,4,1,0,0,NA,NA,NA,NA,NA
lamarry01,Ryan LaMarre,2019,MIN,OF,13,7,183,12,0,0,0,NA,NA,NA,NA,NA
lambepe01,Peter Lambert,2019,COL,P,19,19,268,14,16,1,3,NA,NA,NA,NA,NA
lambja01,Jake Lamb,4038,ARI,1B+3B,60,53,1273,159,62,2,22,NA,NA,NA,NA,NA
lametdi01,Dinelson Lamet,2019,SDN,P,14,14,219,6,4,0,0,NA,NA,NA,NA,NA
lasteto01,Tommy La Stella,6057,LAA,1B+2B+3B,79,70,1758,71,120,5,22,NA,NA,NA,NA,NA
lauerer01,Eric Lauer,2019,SDN,P,30,29,449,11,15,3,1,NA,NA,NA,NA,NA
laurera01,Ramon Laureano,2019,OAK,OF,122,115,3123,285,10,7,2,NA,NA,NA,NA,NA
lavarry01,Ryan Lavarnway,2019,CIN,C,5,4,125,46,3,1,1,1,NA,5,1,NA
lawde01,Derek Law,2019,TOR,P,58,4,182,3,12,2,0,NA,NA,NA,NA,NA
leakemi01,Mike Leake,4038,SEA+ARI,P,32,32,591,20,25,1,4,NA,NA,NA,NA,NA
leblawa01,Wade LeBlanc,2019,SEA,P,26,8,364,7,6,0,1,NA,NA,NA,NA,NA
leclejo01,Jose Leclerc,2019,TEX,P,70,3,206,7,3,0,0,NA,NA,NA,NA,NA
lemahdj01,DJ LeMahieu,6057,NYA,1B+2B+3B,167,141,3725,351,261,8,63,NA,NA,NA,NA,NA
leonedo01,Dominic Leone,2019,SLN,P,40,0,122,1,4,0,0,NA,NA,NA,NA,NA
leonsa01,Sandy Leon,4038,BOS,1B+C,66,50,1407,539,30,3,0,NA,NA,NA,NA,NA
lestejo01,Jon Lester,2019,CHN,P,31,31,515,5,5,1,1,NA,NA,NA,NA,NA
lewisky01,Kyle Lewis,2019,SEA,OF,18,17,483,43,0,1,0,NA,NA,NA,NA,NA
leybado01,Domingo Leyba,6057,ARI,2B+3B+SS,11,3,118,8,15,1,3,NA,NA,NA,NA,NA
lindofr01,Francisco Lindor,2019,CLE,SS,137,137,3589,159,312,10,68,NA,NA,NA,NA,NA
lintz01,Tzu-Wei Lin,6057,BOS,2B+OF+SS,11,6,154,14,12,0,5,NA,NA,NA,NA,NA
liriafr01,Francisco Liriano,2019,PIT,P,69,0,210,2,13,0,0,NA,NA,NA,NA,NA
litteza01,Zack Littell,2019,MIN,P,29,0,111,1,3,0,0,NA,NA,NA,NA,NA
livelbe01,Ben Lively,2019,KCA,P,1,0,3,0,0,0,0,NA,NA,NA,NA,NA
loaisjo01,Jonathan Loaisiga,2019,NYA,P,15,4,95,1,2,0,1,NA,NA,NA,NA,NA
locasti01,Tim Locastro,2019,ARI,OF,69,44,1382,104,1,1,0,NA,NA,NA,NA,NA
lockean01,Walker Lockett,2019,NYN,P,9,4,68,1,3,0,0,NA,NA,NA,NA,NA
longoev01,Evan Longoria,2019,SFN,3B,119,117,3123,69,233,15,27,NA,NA,NA,NA,NA
longsh01,Shed Long,6057,SEA,2B+3B+OF,41,39,1023,64,68,3,21,NA,NA,NA,NA,NA
lopesti01,Tim Lopes,4038,SEA,2B+OF,38,30,778,50,3,2,1,NA,NA,NA,NA,NA
lopezjo02,Jorge Lopez,2019,KCA,P,39,18,371,5,14,0,1,NA,NA,NA,NA,NA
lopezni01,Nicky Lopez,4038,KCA,2B+SS,109,100,2652,153,281,4,68,NA,NA,NA,NA,NA
lopezpa01,Pablo Lopez,2019,MIA,P,21,21,334,9,12,0,1,NA,NA,NA,NA,NA
lopezre01,Reynaldo Lopez,2019,CHA,P,33,33,552,9,13,1,1,NA,NA,NA,NA,NA
lopezyo01,Yoan Lopez,2019,ARI,P,70,0,182,5,6,0,1,NA,NA,NA,NA,NA
lorenmi01,Michael Lorenzen,4038,CIN,OF+P,102,6,517,38,13,1,0,NA,NA,NA,NA,NA
loupaa01,Aaron Loup,2019,SDN,P,4,0,10,0,2,0,0,NA,NA,NA,NA,NA
lovelri01,Richard Lovelady,2019,KCA,P,25,0,60,0,2,1,0,NA,NA,NA,NA,NA
lowebr01,Brandon Lowe,6057,TBA,1B+2B+OF,81,70,1935,150,164,3,53,NA,NA,NA,NA,NA
lowena01,Nate Lowe,4038,TBA,1B+3B,25,20,538,159,5,1,11,NA,NA,NA,NA,NA
lucasjo02,Josh Lucas,2019,BAL,P,9,0,47,0,2,0,0,NA,NA,NA,NA,NA
lucchjo01,Joey Lucchesi,2019,SDN,P,30,30,491,4,17,2,0,NA,NA,NA,NA,NA
luciael01,Elvis Luciano,2019,TOR,P,25,0,101,1,3,0,2,NA,NA,NA,NA,NA
lucrojo01,Jonathan Lucroy,8076,LAA+LAA+CHN+CHN,1B+C+1B+C,96,75,2043,665,45,5,8,NA,NA,NA,NA,NA
lugoda01,Dawel Lugo,2019,DET,3B,73,70,1893,66,136,5,11,NA,NA,NA,NA,NA
lugose01,Seth Lugo,2019,NYN,P,61,0,240,12,6,0,0,NA,NA,NA,NA,NA
luplojo01,Jordan Luplow,2019,CLE,OF,76,60,1566,117,5,0,1,NA,NA,NA,NA,NA
luxga01,Gavin Lux,2019,LAN,2B,22,19,534,27,38,2,9,NA,NA,NA,NA,NA
luzarje01,Jesus Luzardo,2019,OAK,P,6,0,36,0,1,0,0,NA,NA,NA,NA,NA
lylesjo01,Jordan Lyles,4038,PIT+MIL,P,28,28,423,6,11,3,1,NA,NA,NA,NA,NA
lynnla01,Lance Lynn,2019,TEX,P,33,33,625,8,6,0,0,NA,NA,NA,NA,NA
lyonsty01,Tyler Lyons,4038,PIT+NYA,P,14,0,38,2,2,0,2,NA,NA,NA,NA,NA
machama01,Manny Machado,4038,SDN,3B+SS,156,154,4017,119,254,14,29,NA,NA,NA,NA,NA
maedake01,Kenta Maeda,2019,LAN,P,37,26,461,11,18,1,3,NA,NA,NA,NA,NA
magilma01,Matt Magill,4038,MIN+SEA,P,50,0,152,2,4,0,0,NA,NA,NA,NA,NA
mahlety01,Tyler Mahle,2019,CIN,P,25,25,389,12,13,1,0,NA,NA,NA,NA,NA
mahtomi01,Mikie Mahtook,2019,DET,OF,8,6,177,16,0,2,0,NA,NA,NA,NA,NA
mailelu01,Luke Maile,4038,TOR,C+P,46,41,1042,316,28,4,3,NA,NA,NA,NA,NA
maldoma01,Martin Maldonado,8076,KCA+CHN+HOU+HOU,C+C+1B+C,104,98,2558,849,35,6,3,NA,NA,NA,NA,NA
manaese01,Sean Manaea,2019,OAK,P,5,5,89,3,2,0,0,NA,NA,NA,NA,NA
mancitr01,Trey Mancini,4038,BAL,1B+OF,148,136,3504,562,43,1,43,NA,NA,NA,NA,NA
mantijo01,Joe Mantiply,2019,NYA,P,1,0,9,2,1,0,0,NA,NA,NA,NA,NA
mapledi01,Dillon Maples,2019,CHN,P,14,0,35,2,3,0,0,NA,NA,NA,NA,NA
margeni01,Nick Margevicius,2019,SDN,P,17,12,171,3,6,0,0,NA,NA,NA,NA,NA
margoma01,Manuel Margot,2019,SDN,OF,135,98,2830,249,2,2,0,NA,NA,NA,NA,NA
marisja01,Jake Marisnick,2019,HOU,OF,109,73,2199,196,1,1,1,NA,NA,NA,NA,NA
markani01,Nick Markakis,2019,ATL,OF,111,107,2835,191,5,1,1,NA,NA,NA,NA,NA
markepa01,Parker Markel,4038,SEA+PIT,P,20,0,66,1,1,0,0,NA,NA,NA,NA,NA
marquge01,German Marquez,2019,COL,P,28,28,522,17,20,2,0,NA,NA,NA,NA,NA
marrede01,Deven Marrero,4038,MIA,3B+SS,3,1,33,1,3,0,1,NA,NA,NA,NA,NA
marshev01,Evan Marshall,2019,CHA,P,55,0,152,3,3,1,0,NA,NA,NA,NA,NA
marteke01,Ketel Marte,6057,ARI,2B+OF+SS,190,139,3630,249,145,3,32,NA,NA,NA,NA,NA
martest01,Starling Marte,2019,PIT,OF,130,128,3424,297,8,5,2,NA,NA,NA,NA,NA
martibr01,Brett Martin,2019,TEX,P,51,2,187,1,5,0,0,NA,NA,NA,NA,NA
martica04,Carlos Martinez,2019,SLN,P,48,0,145,6,7,1,0,NA,NA,NA,NA,NA
martich02,Chris Martin,4038,TEX+ATL,P,58,0,167,0,5,2,0,NA,NA,NA,NA,NA
martico02,Corbin Martin,2019,HOU,P,5,5,58,6,0,1,0,NA,NA,NA,NA,NA
martija03,Jason Martin,2019,PIT,OF,15,9,272,24,0,1,0,NA,NA,NA,NA,NA
martijd02,J. D. Martinez,2019,BOS,OF,38,37,992,67,4,3,2,NA,NA,NA,NA,NA
martijo08,Jose Martinez,2019,SLN,OF,79,72,1685,112,3,3,0,NA,NA,NA,NA,NA
martile01,Leonys Martin,2019,CLE,OF,65,65,1696,148,3,1,0,NA,NA,NA,NA,NA
martini02,Nick Martini,6057,OAK+OAK+SDN,OF+P+OF,27,22,555,47,1,0,1,NA,NA,NA,NA,NA
martiri01,Richie Martin,2019,BAL,SS,117,89,2355,108,224,10,46,NA,NA,NA,NA,NA
martiru01,Russell Martin,6057,LAN,3B+C+P,71,52,1509,513,36,2,1,NA,NA,NA,NA,NA
marveja01,James Marvel,2019,PIT,P,4,4,52,1,3,0,0,NA,NA,NA,NA,NA
mathije01,Jeff Mathis,4038,TEX,C+P,88,76,1960,686,30,6,2,NA,NA,NA,NA,NA
matonph01,Phil Maton,4038,SDN+CLE,P,30,0,110,6,2,1,0,NA,NA,NA,NA,NA
matzst01,Steven Matz,2019,NYN,P,32,30,481,5,22,0,2,NA,NA,NA,NA,NA
maybica01,Cameron Maybin,2019,NYA,OF,77,63,1765,121,2,2,0,NA,NA,NA,NA,NA
maydu01,Dustin May,2019,LAN,P,14,4,104,0,4,0,0,NA,NA,NA,NA,NA
mayermi01,Mike Mayers,2019,SLN,P,16,0,57,0,0,0,0,NA,NA,NA,NA,NA
mayfija01,Jack Mayfield,6057,HOU,2B+3B+SS,27,16,492,23,41,1,6,NA,NA,NA,NA,NA
maytr01,Trevor May,2019,MIN,P,65,0,193,2,2,1,0,NA,NA,NA,NA,NA
mayzati01,Tim Mayza,2019,TOR,P,68,0,154,3,7,2,0,NA,NA,NA,NA,NA
mazarno01,Nomar Mazara,2019,TEX,OF,101,100,2635,192,4,1,0,NA,NA,NA,NA,NA
mazzach01,Chris Mazza,2019,NYN,P,9,0,49,1,2,0,0,NA,NA,NA,NA,NA
mcbrory01,Ryan McBroom,4038,KCA,1B+OF,20,19,483,68,2,0,2,NA,NA,NA,NA,NA
mccanbr01,Brian McCann,2019,ATL,C,83,79,2034,640,19,3,3,7,NA,36,9,NA
mccanja02,James McCann,2019,CHA,C,106,102,2716,884,39,7,8,3,NA,37,17,NA
mccarke01,Kevin McCarthy,2019,KCA,P,56,0,181,4,15,0,2,NA,NA,NA,NA,NA
mcclare01,Reggie McClain,2019,SEA,P,14,2,63,0,2,2,0,NA,NA,NA,NA,NA
mccutan01,Andrew McCutchen,2019,PHI,OF,57,58,1487,106,2,2,0,NA,NA,NA,NA,NA
mcfartj01,T. J. McFarland,2019,ARI,P,51,0,168,5,17,1,1,NA,NA,NA,NA,NA
mcgeeja01,Jake McGee,2019,COL,P,45,0,124,3,4,1,0,NA,NA,NA,NA,NA
mcgowky01,Kyle McGowin,2019,WAS,P,7,1,48,2,0,1,0,NA,NA,NA,NA,NA
mcguire01,Reese McGuire,2019,TOR,C,30,26,709,226,16,2,1,1,NA,14,5,NA
mchugco01,Collin McHugh,2019,HOU,P,35,8,224,6,6,1,1,NA,NA,NA,NA,NA
mckaybr01,Brendan McKay,2019,TBA,P,13,11,147,2,4,0,0,NA,NA,NA,NA,NA
mckayda02,David McKay,4038,SEA+DET,P,25,0,79,0,1,0,0,NA,NA,NA,NA,NA
mckinbi01,Billy McKinney,4038,TOR,1B+OF,78,63,1704,131,6,4,4,NA,NA,NA,NA,NA
mcmahry01,Ryan McMahon,6057,COL,1B+2B+3B,154,122,3313,297,328,16,90,NA,NA,NA,NA,NA
mcneije01,Jeff McNeil,6057,NYN,2B+3B+OF,161,123,3210,170,83,7,18,NA,NA,NA,NA,NA
mcraeal01,Alex McRae,2019,PIT,P,11,2,80,3,2,0,0,NA,NA,NA,NA,NA
meadoau01,Austin Meadows,2019,TBA,OF,88,86,2319,152,2,2,1,NA,NA,NA,NA,NA
meansjo01,John Means,2019,BAL,P,31,27,465,5,10,0,0,NA,NA,NA,NA,NA
mejiaad01,Adalberto Mejia,8076,MIN+LAA+SLN+LAA,P,35,0,94,0,4,0,0,NA,NA,NA,NA,NA
mejiaer01,Erick Mejia,6057,KCA,2B+OF+SS,9,6,159,24,2,0,0,NA,NA,NA,NA,NA
mejiafr01,Francisco Mejia,4038,SDN,C+OF,64,55,1446,462,24,2,1,NA,NA,NA,NA,NA
mejiase01,Seth Mejias-Brean,6057,SDN,1B+3B+SS,10,6,183,20,10,1,3,NA,NA,NA,NA,NA
melanma01,Mark Melancon,4038,SFN+ATL,P,66,0,202,7,8,0,3,NA,NA,NA,NA,NA
mellake01,Keury Mella,2019,CIN,P,2,0,11,0,0,0,0,NA,NA,NA,NA,NA
melviti01,Tim Melville,2019,COL,P,7,7,100,2,3,1,0,NA,NA,NA,NA,NA
mendeyo01,Yohander Mendez,2019,TEX,P,3,0,14,0,2,0,0,NA,NA,NA,NA,NA
mendida01,Danny Mendick,6057,CHA,2B+3B+SS,11,8,234,14,26,0,7,NA,NA,NA,NA,NA
menezco01,Conner Menez,2019,SFN,P,8,3,51,2,1,0,0,NA,NA,NA,NA,NA
mengdda01,Daniel Mengden,2019,OAK,P,13,9,179,2,4,0,0,NA,NA,NA,NA,NA
mercaos01,Oscar Mercado,2019,CLE,OF,110,104,2825,236,6,6,0,NA,NA,NA,NA,NA
mercejo03,Jordy Mercer,8076,DET,1B+2B+3B+SS,73,71,1868,105,181,7,38,NA,NA,NA,NA,NA
merriwh01,Whit Merrifield,6057,KCA,1B+2B+OF,164,153,3994,334,232,11,66,NA,NA,NA,NA,NA
middlke01,Keynan Middleton,2019,LAA,P,11,0,23,0,0,0,0,NA,NA,NA,NA,NA
mikolmi01,Miles Mikolas,2019,SLN,P,32,32,552,14,30,0,2,NA,NA,NA,NA,NA
mileywa01,Wade Miley,2019,HOU,P,33,33,502,7,19,1,1,NA,NA,NA,NA,NA
millean01,Andrew Miller,2019,SLN,P,73,0,164,3,5,0,0,NA,NA,NA,NA,NA
millebr02,Brad Miller,8076,CLE+PHI+PHI+PHI,2B+3B+OF+SS,50,38,923,32,52,4,3,NA,NA,NA,NA,NA
milleia01,Ian Miller,2019,MIN,OF,12,3,142,22,1,0,0,NA,NA,NA,NA,NA
milleju02,Justin Miller,2019,WAS,P,17,0,47,0,1,0,0,NA,NA,NA,NA,NA
millesh01,Shelby Miller,2019,TEX,P,19,8,132,1,0,0,0,NA,NA,NA,NA,NA
millsal02,Alec Mills,2019,CHN,P,9,4,108,1,3,0,0,NA,NA,NA,NA,NA
milneho01,Hoby Milner,2019,TBA,P,4,0,11,0,0,0,0,NA,NA,NA,NA,NA
milonto01,Tommy Milone,2019,SEA,P,23,6,335,5,13,1,0,NA,NA,NA,NA,NA
minayju01,Juan Minaya,2019,CHA,P,22,0,83,1,1,0,0,NA,NA,NA,NA,NA
minormi01,Mike Minor,2019,TEX,P,32,32,625,7,21,0,1,NA,NA,NA,NA,NA
minteaj01,A. J. Minter,2019,ATL,P,36,0,88,0,4,0,0,NA,NA,NA,NA,NA
molinya01,Yadier Molina,6057,SLN,1B+3B+C,116,108,2845,922,30,1,6,NA,NA,NA,NA,NA
moncayo01,Yoan Moncada,2019,CHA,3B,129,129,3287,120,256,15,37,NA,NA,NA,NA,NA
mondera02,Adalberto Mondesi,2019,KCA,SS,100,99,2558,147,286,7,66,NA,NA,NA,NA,NA
montafr01,Frankie Montas,2019,OAK,P,16,16,288,2,3,3,0,NA,NA,NA,NA,NA
montera01,Rafael Montero,2019,TEX,P,22,0,87,4,3,0,1,NA,NA,NA,NA,NA
montgjo01,Jordan Montgomery,2019,NYA,P,2,1,12,0,0,0,0,NA,NA,NA,NA,NA
montgmi01,Mike Montgomery,4038,CHN+KCA,P,33,13,273,5,15,0,0,NA,NA,NA,NA,NA
moorean02,Andrew Moore,2019,SEA,P,1,1,14,0,0,0,0,NA,NA,NA,NA,NA
mooredy01,Dylan Moore,12114,SEA,1B+2B+3B+OF+P+SS,114,67,2032,136,133,9,35,NA,NA,NA,NA,NA
moorema02,Matt Moore,2019,DET,P,2,2,30,0,3,1,0,NA,NA,NA,NA,NA
moralke01,Kendrys Morales,6057,OAK+OAK+NYA,1B+P+1B,34,30,814,221,14,3,14,NA,NA,NA,NA,NA
moranbr01,Brian Moran,2019,MIA,P,10,0,19,0,1,0,0,NA,NA,NA,NA,NA
moranco01,Colin Moran,8076,PIT,1B+2B+3B+OF,142,118,3017,106,173,14,26,NA,NA,NA,NA,NA
morejad01,Adrian Morejon,2019,SDN,P,5,2,24,1,2,0,0,NA,NA,NA,NA,NA
morelmi01,Mitch Moreland,2019,BOS,1B,85,74,1991,556,48,3,52,NA,NA,NA,NA,NA
morgaad01,Adam Morgan,2019,PHI,P,40,0,89,1,2,0,0,NA,NA,NA,NA,NA
morinmi01,Mike Morin,4038,MIN+PHI,P,52,0,152,4,5,1,0,NA,NA,NA,NA,NA
morofma01,Max Moroff,6057,CLE,2B+3B+SS,22,7,252,14,19,0,3,NA,NA,NA,NA,NA
moronre01,Reyes Moronta,2019,SFN,P,56,0,170,1,1,0,0,NA,NA,NA,NA,NA
morrilo01,Logan Morrison,2019,PHI,1B,3,2,66,14,0,0,2,NA,NA,NA,NA,NA
mortoch02,Charlie Morton,2019,TBA,P,33,33,584,9,6,0,0,NA,NA,NA,NA,NA
moustmi01,Mike Moustakas,4038,MIL,2B+3B,152,133,3475,131,237,12,42,NA,NA,NA,NA,NA
mullice01,Cedric Mullins,2019,BAL,OF,22,18,492,58,0,1,0,NA,NA,NA,NA,NA
muncyma01,Max Muncy,6057,LAN,1B+2B+3B,170,130,3472,444,231,14,75,NA,NA,NA,NA,NA
munozan01,Andres Munoz,2019,SDN,P,22,0,69,0,1,0,1,NA,NA,NA,NA,NA
munozya01,Yairo Munoz,8076,SLN,2B+3B+OF+SS,70,29,958,46,51,1,9,NA,NA,NA,NA,NA
murphda08,Daniel Murphy,4038,COL,1B+2B,113,98,2667,909,112,9,98,NA,NA,NA,NA,NA
murphjr01,J. R. Murphy,6057,ARI+ARI+ATL,C+P+C,21,17,468,153,10,0,1,NA,NA,NA,NA,NA
murphse01,Sean Murphy,2019,OAK,C,18,13,392,151,4,1,0,2,NA,4,2,NA
murphto04,Tom Murphy,6057,SEA,C+OF+P,71,66,1740,500,23,4,3,NA,NA,NA,NA,NA
musgrha01,Harrison Musgrave,2019,COL,P,10,0,30,3,1,0,0,NA,NA,NA,NA,NA
musgrjo01,Joe Musgrove,2019,PIT,P,32,31,511,30,24,4,0,NA,NA,NA,NA,NA
myerswi01,Wil Myers,6057,SDN,1B+3B+OF,143,106,2967,269,5,5,4,NA,NA,NA,NA,NA
naquity01,Tyler Naquin,2019,CLE,OF,80,74,1949,165,11,0,3,NA,NA,NA,NA,NA
narvaom01,Omar Narvaez,4038,SEA,2B+C,99,91,2450,713,34,6,3,NA,NA,NA,NA,NA
naylojo01,Josh Naylor,2019,SDN,OF,62,59,1373,84,4,6,1,NA,NA,NA,NA,NA
negrokr01,Kristopher Negron,12114,SEA+SEA+LAN+LAN+LAN+LAN,3B+OF+2B+3B+OF+SS,35,21,574,33,20,0,5,NA,NA,NA,NA,NA
nelsoji02,Jimmy Nelson,2019,MIL,P,10,3,66,1,0,1,0,NA,NA,NA,NA,NA
nerishe01,Hector Neris,2019,PHI,P,68,0,203,6,6,0,0,NA,NA,NA,NA,NA
neshepa01,Pat Neshek,2019,PHI,P,20,0,54,1,5,0,1,NA,NA,NA,NA,NA
neusesh01,Sheldon Neuse,4038,OAK,2B+3B,25,15,429,26,31,1,8,NA,NA,NA,NA,NA
neverdo01,Dovydas Neverauskas,2019,PIT,P,10,0,28,1,1,0,0,NA,NA,NA,NA,NA
newbeja01,Jake Newberry,2019,KCA,P,27,0,93,1,4,0,1,NA,NA,NA,NA,NA
newcose01,Sean Newcomb,2019,ATL,P,55,4,205,1,6,1,1,NA,NA,NA,NA,NA
newmake01,Kevin Newman,8076,PIT,2B+3B+OF+SS,135,116,3068,161,289,12,55,NA,NA,NA,NA,NA
nicasju01,Juan Nicasio,2019,PHI,P,47,0,142,4,7,1,0,NA,NA,NA,NA,NA
nidoto01,Tomas Nido,2019,NYN,C,48,38,1025,376,13,3,2,2,NA,34,3,NA
nimmobr01,Brandon Nimmo,2019,NYN,OF,66,56,1443,128,0,1,0,NA,NA,NA,NA,NA
noesihe01,Hector Noesi,2019,MIA,P,12,4,83,1,1,0,0,NA,NA,NA,NA,NA
nogosst01,Stephen Nogosek,2019,NYN,P,7,0,20,1,0,0,0,NA,NA,NA,NA,NA
nolaaa01,Aaron Nola,2019,PHI,P,34,34,607,9,27,0,3,NA,NA,NA,NA,NA
nolaau01,Austin Nola,10095,SEA,1B+2B+3B+C+OF,87,63,1736,437,62,1,49,NA,NA,NA,NA,NA
nollja01,Jake Noll,4038,WAS,1B+3B,3,2,51,7,1,1,0,NA,NA,NA,NA,NA
norrida01,Daniel Norris,2019,DET,P,32,29,433,6,14,2,0,NA,NA,NA,NA,NA
norwoja01,James Norwood,2019,CHN,P,9,0,28,0,1,0,0,NA,NA,NA,NA,NA
nottija01,Jacob Nottingham,4038,MIL,1B+C,7,0,35,13,0,1,0,NA,NA,NA,NA,NA
novaiv01,Ivan Nova,2019,CHA,P,34,34,561,9,18,1,3,NA,NA,NA,NA,NA
nunezdo01,Dom Nunez,2019,COL,C,14,10,288,82,7,0,1,2,NA,8,1,NA
nunezed02,Eduardo Nunez,8076,BOS,2B+3B+P+SS,46,28,854,34,59,3,7,NA,NA,NA,NA,NA
nunezre01,Renato Nunez,6057,BAL,1B+3B+OF,34,29,733,163,25,4,16,NA,NA,NA,NA,NA
obergsc01,Scott Oberg,2019,COL,P,49,0,168,2,6,0,0,NA,NA,NA,NA,NA
obriepe04,Peter O'Brien,4038,MIA,1B+OF,15,13,323,17,1,1,0,NA,NA,NA,NA,NA
odayda01,Darren O'Day,2019,ATL,P,8,0,16,0,0,0,0,NA,NA,NA,NA,NA
odorija01,Jake Odorizzi,2019,MIN,P,30,30,477,7,9,0,0,NA,NA,NA,NA,NA
odorro01,Rougned Odor,2019,TEX,2B,137,134,3565,246,294,15,85,NA,NA,NA,NA,NA
ogradbr01,Brian O'Grady,4038,CIN,1B+OF,18,9,264,31,1,0,0,NA,NA,NA,NA,NA
ohearry01,Ryan O'Hearn,4038,KCA,1B+OF,96,88,2307,707,24,4,80,NA,NA,NA,NA,NA
ohse01,Seunghwan Oh,2019,COL,P,21,0,55,1,3,0,0,NA,NA,NA,NA,NA
olsonma02,Matt Olson,2019,OAK,1B,127,125,3362,1023,90,8,95,NA,NA,NA,NA,NA
olsonty01,Tyler Olson,2019,CLE,P,39,0,92,1,2,0,0,NA,NA,NA,NA,NA
oneilty01,Tyler O'Neill,2019,SLN,OF,43,30,839,40,0,3,0,NA,NA,NA,NA,NA
orourry01,Ryan O'Rourke,2019,NYN,P,2,0,4,0,0,0,0,NA,NA,NA,NA,NA
ortegra01,Rafael Ortega,2019,ATL,OF,27,18,588,37,0,0,0,NA,NA,NA,NA,NA
ortizlu02,Luis Ortiz,2019,BAL,P,1,1,10,1,0,0,0,NA,NA,NA,NA,NA
osichjo01,Josh Osich,2019,CHA,P,57,0,203,7,7,0,0,NA,NA,NA,NA,NA
osunajo01,Jose Osuna,8076,PIT,1B+3B+OF+P,77,58,1568,262,36,5,27,NA,NA,NA,NA,NA
osunaro01,Roberto Osuna,2019,HOU,P,66,0,195,8,3,1,0,NA,NA,NA,NA,NA
oswalco01,Corey Oswalt,2019,NYN,P,2,0,20,0,0,0,0,NA,NA,NA,NA,NA
oteroda01,Dan Otero,2019,CLE,P,25,0,89,1,3,0,1,NA,NA,NA,NA,NA
ottavad01,Adam Ottavino,2019,NYA,P,73,0,199,3,3,1,1,NA,NA,NA,NA,NA
owingch01,Chris Owings,18171,KCA+KCA+KCA+KCA+KCA+BOS+BOS+BOS+BOS,2B+3B+OF+P+SS+2B+3B+OF+SS,64,47,1296,85,92,1,21,NA,NA,NA,NA,NA
ozunama01,Marcell Ozuna,2019,SLN,OF,129,129,3336,181,4,4,0,NA,NA,NA,NA,NA
paddach01,Chris Paddack,2019,SDN,P,26,26,422,8,14,2,0,NA,NA,NA,NA,NA
paganem01,Emilio Pagan,2019,TBA,P,66,0,210,2,3,0,0,NA,NA,NA,NA,NA
palkada01,Daniel Palka,4038,CHA,1B+OF,24,21,512,30,2,0,0,NA,NA,NA,NA,NA
palumjo01,Joe Palumbo,2019,TEX,P,7,4,50,0,2,0,1,NA,NA,NA,NA,NA
panikjo01,Joe Panik,4038,SFN+NYN,2B,118,104,2866,179,261,5,59,NA,NA,NA,NA,NA
pannoth01,Thomas Pannone,2019,TOR,P,37,7,219,2,3,0,1,NA,NA,NA,NA,NA
parkebl01,Blake Parker,4038,MIN+PHI,P,60,2,184,4,5,0,1,NA,NA,NA,NA,NA
parkeja03,Jarrett Parker,2019,LAA,OF,5,3,103,5,0,0,0,NA,NA,NA,NA,NA
parrage01,Gerardo Parra,12114,SFN+WAS+WAS+WAS+WAS+WAS,OF+1B+2B+3B+OF+P,80,59,1701,197,21,2,13,NA,NA,NA,NA,NA
parsowe01,Wes Parsons,4038,ATL+COL,P,32,0,104,4,6,1,0,NA,NA,NA,NA,NA
paxtoja01,James Paxton,2019,NYA,P,29,29,452,2,10,0,0,NA,NA,NA,NA,NA
payamjo01,Joel Payamps,2019,ARI,P,2,0,12,0,0,0,0,NA,NA,NA,NA,NA
payanpe01,Pedro Payano,2019,TEX,P,6,4,66,0,2,0,1,NA,NA,NA,NA,NA
pazosja01,James Pazos,2019,COL,P,12,0,31,0,4,0,0,NA,NA,NA,NA,NA
peacobr01,Brad Peacock,2019,HOU,P,23,15,275,5,4,2,0,NA,NA,NA,NA,NA
pearcst01,Steve Pearce,4038,BOS,1B+OF,23,18,495,100,10,3,10,NA,NA,NA,NA,NA
pederjo01,Joc Pederson,4038,LAN,1B+OF,142,108,2816,285,13,8,9,NA,NA,NA,NA,NA
pedrodu01,Dustin Pedroia,2019,BOS,2B,4,4,84,9,7,0,3,NA,NA,NA,NA,NA
penafe01,Felix Pena,2019,LAA,P,22,7,289,5,6,3,0,NA,NA,NA,NA,NA
pencehu01,Hunter Pence,2019,TEX,OF,23,23,577,49,0,0,0,NA,NA,NA,NA,NA
peralda01,David Peralta,2019,ARI,OF,93,91,2418,201,3,2,1,NA,NA,NA,NA,NA
peralfr01,Freddy Peralta,2019,MIL,P,39,8,255,4,4,0,0,NA,NA,NA,NA,NA
peralwa01,Wandy Peralta,4038,CIN+SFN,P,47,0,119,8,4,0,0,NA,NA,NA,NA,NA
peralwi01,Wily Peralta,2019,KCA,P,42,0,121,2,1,0,2,NA,NA,NA,NA,NA
perazjo01,Jose Peraza,10095,CIN,2B+3B+OF+P+SS,159,88,2541,132,187,9,46,NA,NA,NA,NA,NA
perdolu02,Luis Perdomo,2019,SDN,P,47,1,216,6,10,0,0,NA,NA,NA,NA,NA
perezci01,Cionel Perez,2019,HOU,P,5,0,27,0,1,0,0,NA,NA,NA,NA,NA
perezhe01,Hernan Perez,12114,MIL,1B+2B+3B+OF+P+SS,98,49,1526,100,119,3,28,NA,NA,NA,NA,NA
perezma02,Martin Perez,2019,MIN,P,32,29,496,9,19,2,0,NA,NA,NA,NA,NA
perezmi03,Michael Perez,4038,TBA,1B+C,22,15,408,134,12,1,3,NA,NA,NA,NA,NA
perezol01,Oliver Perez,2019,CLE,P,67,0,122,1,3,1,0,NA,NA,NA,NA,NA
perezro02,Roberto Perez,2019,CLE,C,118,114,2981,1082,52,3,12,0,NA,29,20,NA
peterdi01,Dillon Peters,2019,LAA,P,17,12,216,5,10,0,3,NA,NA,NA,NA,NA
peterdu01,Dustin Peterson,4038,DET,1B+OF,14,11,299,17,0,0,0,NA,NA,NA,NA,NA
peterja01,Jace Peterson,6057,BAL,2B+3B+OF,33,23,652,53,33,3,3,NA,NA,NA,NA,NA
peterti01,Tim Peterson,2019,NYN,P,6,0,22,0,0,0,0,NA,NA,NA,NA,NA
petityu01,Yusmeiro Petit,2019,OAK,P,80,0,249,13,4,0,1,NA,NA,NA,NA,NA
petrija01,Jake Petricka,2019,MIL,P,6,0,24,2,0,0,0,NA,NA,NA,NA,NA
phamth01,Tommy Pham,2019,TBA,OF,123,123,3280,158,8,0,0,NA,NA,NA,NA,NA
phegljo01,Josh Phegley,2019,OAK,C,106,90,2472,704,46,2,3,15,NA,50,24,NA
phelpda01,David Phelps,4038,TOR+CHN,P,41,1,103,0,1,0,0,NA,NA,NA,NA,NA
phillbr02,Brett Phillips,2019,KCA,OF,28,19,553,58,2,0,1,NA,NA,NA,NA,NA
phillev01,Evan Phillips,2019,BAL,P,25,0,84,0,1,0,0,NA,NA,NA,NA,NA
pillake01,Kevin Pillar,4038,TOR+SFN,OF,156,154,4176,354,6,5,2,NA,NA,NA,NA,NA
pinama01,Manny Pina,4038,MIL,3B+C,54,38,1062,350,15,6,1,NA,NA,NA,NA,NA
pindech01,Chad Pinder,10095,OAK,1B+2B+3B+OF+SS,120,82,2321,176,54,5,11,NA,NA,NA,NA,NA
pinedmi01,Michael Pineda,2019,MIN,P,26,26,438,5,6,0,0,NA,NA,NA,NA,NA
pintori01,Ricardo Pinto,2019,TBA,P,2,0,7,1,1,0,0,NA,NA,NA,NA,NA
pireljo01,Jose Pirela,4038,SDN+PHI,OF,6,4,110,5,0,0,0,NA,NA,NA,NA,NA
piscost01,Stephen Piscotty,2019,OAK,OF,90,90,2385,168,2,0,0,NA,NA,NA,NA,NA
pivetni01,Nick Pivetta,2019,PHI,P,30,13,281,9,7,0,0,NA,NA,NA,NA,NA
plaweke01,Kevin Plawecki,6057,CLE,1B+C+P,60,46,1266,419,20,2,2,NA,NA,NA,NA,NA
plesaza01,Zach Plesac,2019,CLE,P,21,21,347,11,13,2,2,NA,NA,NA,NA,NA
plutkad01,Adam Plutko,2019,CLE,P,21,20,328,10,2,2,0,NA,NA,NA,NA,NA
pocheco01,Colin Poche,2019,TBA,P,51,0,155,0,1,0,0,NA,NA,NA,NA,NA
polangr01,Gregory Polanco,2019,PIT,OF,36,35,933,74,0,1,0,NA,NA,NA,NA,NA
polanjo01,Jorge Polanco,2019,MIN,SS,142,139,3699,141,343,22,57,NA,NA,NA,NA,NA
polloaj01,AJ Pollock,2019,LAN,OF,80,76,1965,116,3,2,1,NA,NA,NA,NA,NA
pomerdr01,Drew Pomeranz,4038,SFN+MIL,P,46,18,312,2,8,1,0,NA,NA,NA,NA,NA
ponceda01,Daniel Ponce de Leon,2019,SLN,P,13,8,146,3,4,0,1,NA,NA,NA,NA,NA
poppese01,Sean Poppen,2019,MIN,P,4,0,25,0,0,0,0,NA,NA,NA,NA,NA
porceri01,Rick Porcello,2019,BOS,P,32,32,523,16,21,1,1,NA,NA,NA,NA,NA
poseybu01,Buster Posey,4038,SFN,1B+C,105,99,2611,793,47,2,3,NA,NA,NA,NA,NA
poundbr01,Brooks Pounders,2019,NYN,P,7,0,22,0,2,0,0,NA,NA,NA,NA,NA
poynebo01,Bobby Poyner,2019,BOS,P,13,1,35,0,0,0,0,NA,NA,NA,NA,NA
pradoma01,Martin Prado,4038,MIA,1B+3B,62,46,1246,253,43,3,34,NA,NA,NA,NA,NA
pressry01,Ryan Pressly,2019,HOU,P,55,0,163,4,6,0,0,NA,NA,NA,NA,NA
priceda01,David Price,2019,BOS,P,22,22,322,4,7,0,0,NA,NA,NA,NA,NA
profaju01,Jurickson Profar,6057,OAK,1B+2B+OF,132,121,3237,235,246,13,65,NA,NA,NA,NA,NA
pruitau01,Austin Pruitt,2019,TBA,P,14,2,141,3,6,0,0,NA,NA,NA,NA,NA
puellce01,Cesar Puello,4038,LAA+MIA,OF,40,38,938,99,3,1,0,NA,NA,NA,NA,NA
puigya01,Yasiel Puig,4038,CIN+CLE,OF,146,143,3672,244,8,6,2,NA,NA,NA,NA,NA
pujolal01,Albert Pujols,4038,LAA,1B+3B,99,98,2585,719,77,5,70,NA,NA,NA,NA,NA
pukaj01,A. J. Puk,2019,OAK,P,10,0,34,0,1,0,0,NA,NA,NA,NA,NA
quantca01,Cal Quantrill,2019,SDN,P,23,18,309,8,8,1,0,NA,NA,NA,NA,NA
quijajo01,Jose Quijada,2019,MIA,P,34,0,89,1,2,0,0,NA,NA,NA,NA,NA
quinnro01,Roman Quinn,4038,PHI,OF+P,36,23,716,58,4,1,1,NA,NA,NA,NA,NA
quintjo01,Jose Quintana,2019,CHN,P,32,31,513,15,26,0,1,NA,NA,NA,NA,NA
raineta01,Tanner Rainey,2019,WAS,P,52,0,145,1,7,0,0,NA,NA,NA,NA,NA
ramirer02,Erasmo Ramirez,2019,BOS,P,1,0,9,0,2,0,0,NA,NA,NA,NA,NA
ramirha02,Harold Ramirez,2019,MIA,OF,110,100,2758,252,0,1,0,NA,NA,NA,NA,NA
ramirjc01,J. C. Ramirez,2019,LAA,P,5,0,24,1,1,0,0,NA,NA,NA,NA,NA
ramirjo01,Jose Ramirez,2019,CLE,3B,126,125,3266,108,222,14,21,NA,NA,NA,NA,NA
ramirne01,Neil Ramirez,4038,CLE+TOR,P,22,1,75,1,1,0,0,NA,NA,NA,NA,NA
ramirni01,Nick Ramirez,2019,DET,P,46,0,239,5,10,1,0,NA,NA,NA,NA,NA
ramirno01,Noe Ramirez,2019,LAA,P,51,7,203,8,4,0,0,NA,NA,NA,NA,NA
ramirye01,Yefry Ramirez,4038,BAL+PIT,P,13,1,73,2,2,1,0,NA,NA,NA,NA,NA
ramosed02,Edubray Ramos,2019,PHI,P,20,0,45,0,1,0,0,NA,NA,NA,NA,NA
ramoswi01,Wilson Ramos,2019,NYN,C,124,113,3049,1051,50,7,5,10,NA,94,17,NA
ramsema01,Matt Ramsey,2019,LAA,P,1,0,3,0,0,0,0,NA,NA,NA,NA,NA
ravelra01,Rangel Ravelo,2019,SLN,1B,9,5,129,35,1,0,2,NA,NA,NA,NA,NA
rayro02,Robbie Ray,2019,ARI,P,33,33,523,7,21,2,2,NA,NA,NA,NA,NA
readra01,Raudy Read,2019,WAS,C,4,2,66,20,1,0,0,0,NA,0,1,NA
realmjt01,J. T. Realmuto,4038,PHI,1B+C,137,132,3481,1115,69,9,16,NA,NA,NA,NA,NA
reddijo01,Josh Reddick,4038,HOU,1B+OF,137,126,3394,235,4,5,1,NA,NA,NA,NA,NA
reedaj01,A. J. Reed,4038,CHA,1B+P,5,4,102,31,6,1,6,NA,NA,NA,NA,NA
reedco01,Cody Reed,2019,CIN,P,3,0,19,0,0,0,0,NA,NA,NA,NA,NA
reedmi02,Michael Reed,2019,SFN,OF,4,2,57,2,1,0,0,NA,NA,NA,NA,NA
reidfse01,Sean Reid-Foley,2019,TOR,P,9,6,95,0,4,0,0,NA,NA,NA,NA,NA
reiniza01,Zac Reininger,2019,DET,P,25,1,84,0,3,0,0,NA,NA,NA,NA,NA
rendoan01,Anthony Rendon,4038,WAS,2B+3B,147,146,3796,95,249,11,31,NA,NA,NA,NA,NA
renfrhu01,Hunter Renfroe,2019,SDN,OF,127,111,2994,221,13,2,3,NA,NA,NA,NA,NA
rengilu01,Luis Rengifo,4038,LAA,2B+SS,116,101,2705,182,246,12,60,NA,NA,NA,NA,NA
reyesal02,Alex Reyes,2019,SLN,P,4,0,9,0,0,0,0,NA,NA,NA,NA,NA
reyesfr01,Franmil Reyes,4038,SDN+CLE,OF,86,86,1982,164,3,5,1,NA,NA,NA,NA,NA
reyesge01,Gerardo Reyes,2019,SDN,P,27,0,78,2,2,0,0,NA,NA,NA,NA,NA
reyespa01,Pablo Reyes,8076,PIT,2B+3B+OF+SS,56,28,900,44,17,2,1,NA,NA,NA,NA,NA
reyesvi01,Victor Reyes,2019,DET,OF,67,63,1698,147,7,1,1,NA,NA,NA,NA,NA
reynobr01,Bryan Reynolds,2019,PIT,OF,129,122,3165,237,4,4,0,NA,NA,NA,NA,NA
reynoma01,Mark Reynolds,4038,COL,1B+P,33,29,705,217,13,1,29,NA,NA,NA,NA,NA
rhameja01,Jacob Rhame,2019,NYN,P,5,0,19,0,2,0,0,NA,NA,NA,NA,NA
richacl01,Clayton Richard,2019,TOR,P,10,10,136,5,13,1,1,NA,NA,NA,NA,NA
richaga01,Garrett Richards,2019,SDN,P,3,3,26,0,1,0,0,NA,NA,NA,NA,NA
richatr01,Trevor Richards,4038,MIA+TBA,P,30,23,406,10,14,3,1,NA,NA,NA,NA,NA
rickajo01,Joey Rickard,4038,BAL+SFN,OF,61,45,1203,108,0,2,0,NA,NA,NA,NA,NA
riddljt01,JT Riddle,4038,MIA,OF+SS,43,33,919,69,16,2,2,NA,NA,NA,NA,NA
rileyau01,Austin Riley,6057,ATL,1B+3B+OF,71,67,1702,126,14,5,7,NA,NA,NA,NA,NA
riosed01,Edwin Rios,6057,LAN,1B+3B+OF,18,7,245,49,5,1,4,NA,NA,NA,NA,NA
riosya01,Yacksel Rios,4038,PHI+PIT,P,14,0,39,1,1,1,0,NA,NA,NA,NA,NA
riverfe01,Felipe Vazquez,2019,PIT,P,56,0,180,0,5,0,0,NA,NA,NA,NA,NA
riverre01,Rene Rivera,2019,NYN,C,8,6,165,65,1,0,0,1,NA,7,0,NA
riverya01,Yadiel Rivera,10095,MIA,1B+2B+3B+OF+SS,26,12,404,35,18,2,4,NA,NA,NA,NA,NA
rizzoan01,Anthony Rizzo,2019,CHN,1B,146,144,3680,1140,123,5,120,NA,NA,NA,NA,NA
roarkta01,Tanner Roark,4038,CIN+OAK,P,31,31,496,11,12,2,1,NA,NA,NA,NA,NA
roberda08,David Robertson,2019,PHI,P,7,0,20,1,0,0,0,NA,NA,NA,NA,NA
roberda10,Daniel Robertson,8076,TBA,2B+3B+P+SS,86,58,1597,62,131,6,28,NA,NA,NA,NA,NA
robindr01,Drew Robinson,2019,SLN,OF,2,0,16,2,0,0,0,NA,NA,NA,NA,NA
robleha01,Hansel Robles,2019,LAA,P,71,1,218,7,5,1,1,NA,NA,NA,NA,NA
roblevi01,Victor Robles,2019,WAS,OF,152,147,3926,348,12,6,2,NA,NA,NA,NA,NA
rodgebr01,Brady Rodgers,2019,HOU,P,3,0,15,0,0,0,0,NA,NA,NA,NA,NA
rodgebr02,Brendan Rodgers,4038,COL,2B+SS,25,18,506,29,55,5,13,NA,NA,NA,NA,NA
rodnefe01,Fernando Rodney,4038,OAK+WAS,P,55,0,143,2,3,0,1,NA,NA,NA,NA,NA
rodonca01,Carlos Rodon,2019,CHA,P,7,7,104,0,1,0,0,NA,NA,NA,NA,NA
rodride01,Dereck Rodriguez,2019,SFN,P,28,16,297,4,9,0,2,NA,NA,NA,NA,NA
rodried05,Eduardo Rodriguez,2019,BOS,P,34,34,610,2,23,0,1,NA,NA,NA,NA,NA
rodrije01,Jefry Rodriguez,2019,CLE,P,10,8,140,2,5,1,2,NA,NA,NA,NA,NA
rodrijo06,Jose Rodriguez,2019,LAA,P,9,1,59,1,2,0,1,NA,NA,NA,NA,NA
rodriri05,Richard Rodriguez,2019,PIT,P,72,0,196,0,4,0,0,NA,NA,NA,NA,NA
rodriro03,Ronny Rodriguez,10095,DET,1B+2B+3B+OF+SS,71,65,1720,150,146,8,39,NA,NA,NA,NA,NA
rodrise01,Sean Rodriguez,12114,PHI,1B+2B+3B+OF+P+SS,55,24,807,40,54,0,8,NA,NA,NA,NA,NA
roech01,Chaz Roe,2019,TBA,P,71,0,153,0,3,1,0,NA,NA,NA,NA,NA
rogerja03,Jake Rogers,2019,DET,C,34,34,906,287,13,1,0,9,NA,11,7,NA
rogerjo01,Josh Rogers,2019,BAL,P,5,0,43,0,0,0,0,NA,NA,NA,NA,NA
rogerta01,Taylor Rogers,2019,MIN,P,60,0,207,5,9,1,1,NA,NA,NA,NA,NA
rogerty01,Tyler Rogers,2019,SFN,P,17,0,53,1,4,0,0,NA,NA,NA,NA,NA
rojasjo01,Josh Rojas,4038,ARI,2B+OF,39,35,981,63,2,0,1,NA,NA,NA,NA,NA
rojasmi02,Miguel Rojas,6057,MIA,1B+2B+SS,134,123,3242,191,289,11,77,NA,NA,NA,NA,NA
romanjo03,Jordan Romano,2019,TOR,P,17,0,46,3,2,0,1,NA,NA,NA,NA,NA
romansa01,Sal Romano,2019,CIN,P,12,0,49,0,2,0,1,NA,NA,NA,NA,NA
romerfe01,Fernando Romero,2019,MIN,P,15,0,42,1,1,0,0,NA,NA,NA,NA,NA
rominau01,Austin Romine,4038,NYA,C+P,71,62,1693,610,26,2,4,NA,NA,NA,NA,NA
romose01,Sergio Romo,4038,MIA+MIN,P,65,0,181,0,4,1,1,NA,NA,NA,NA,NA
rondohe01,Hector Rondon,2019,HOU,P,62,1,182,6,7,0,2,NA,NA,NA,NA,NA
rondojo02,Jose Rondon,14133,CHA+CHA+CHA+CHA+CHA+CHA+BAL,1B+2B+3B+OF+P+SS+3B,50,36,948,43,80,4,15,NA,NA,NA,NA,NA
rosaad01,Adonis Rosa,2019,NYA,P,1,0,6,1,0,0,0,NA,NA,NA,NA,NA
rosaram01,Amed Rosario,4038,NYN,OF+SS,153,151,4021,162,370,17,72,NA,NA,NA,NA,NA
rosared01,Eddie Rosario,2019,MIN,OF,132,129,3438,208,8,5,1,NA,NA,NA,NA,NA
rosarra01,Randy Rosario,4038,CHN+KCA,P,19,0,43,1,3,0,0,NA,NA,NA,NA,NA
rosentr01,Trevor Rosenthal,4038,WAS+DET,P,22,0,46,1,1,1,0,NA,NA,NA,NA,NA
rosscza01,Zac Rosscup,6057,SEA+TOR+LAN,P,28,0,54,1,3,0,0,NA,NA,NA,NA,NA
rossjo01,Joe Ross,2019,WAS,P,27,9,192,4,11,1,0,NA,NA,NA,NA,NA
rossty01,Tyson Ross,2019,DET,P,7,7,106,4,6,1,0,NA,NA,NA,NA,NA
ruizjo01,Jose Ruiz,2019,CHA,P,40,1,120,1,5,1,0,NA,NA,NA,NA,NA
ruizri01,Rio Ruiz,6057,BAL,1B+2B+3B,127,93,2658,104,179,8,26,NA,NA,NA,NA,NA
rumbeni01,Nick Rumbelow,2019,SEA,P,3,0,4,0,0,0,0,NA,NA,NA,NA,NA
rusinch01,Chris Rusin,2019,COL,P,2,0,3,0,0,0,0,NA,NA,NA,NA,NA
russead02,Addison Russell,4038,CHN,2B+SS,84,55,1576,95,176,6,36,NA,NA,NA,NA,NA
ryanky01,Kyle Ryan,2019,CHN,P,73,0,183,5,11,1,1,NA,NA,NA,NA,NA
ryuhy01,Hyun Jin Ryu,2019,LAN,P,29,29,548,7,29,0,0,NA,NA,NA,NA,NA
sabatcc01,CC Sabathia,2019,NYA,P,23,22,322,0,3,2,1,NA,NA,NA,NA,NA
sadleca02,Casey Sadler,4038,TBA+LAN,P,33,1,139,3,9,1,0,NA,NA,NA,NA,NA
sadzeco01,Connor Sadzeck,2019,SEA,P,20,0,71,2,2,0,0,NA,NA,NA,NA,NA
saladty01,Tyler Saladino,8076,MIL,2B+3B+OF+SS,29,16,453,28,33,1,7,NA,NA,NA,NA,NA
salasfe01,Fernando Salas,2019,PHI,P,3,0,8,0,0,0,0,NA,NA,NA,NA,NA
salazda01,Danny Salazar,2019,CLE,P,1,1,12,0,0,0,0,NA,NA,NA,NA,NA
salech01,Chris Sale,2019,BOS,P,25,25,442,6,7,0,1,NA,NA,NA,NA,NA
samarje01,Jeff Samardzija,2019,SFN,P,32,32,544,8,9,1,0,NA,NA,NA,NA,NA
sampsad01,Adrian Sampson,2019,TEX,P,35,15,376,4,17,0,1,NA,NA,NA,NA,NA
sanchaa01,Aaron Sanchez,4038,TOR+HOU,P,27,27,394,12,17,0,1,NA,NA,NA,NA,NA
sanchad01,Adrian Sanchez,10095,WAS,1B+2B+3B+OF+SS,14,1,98,9,7,1,1,NA,NA,NA,NA,NA
sanchan01,Anibal Sanchez,2019,WAS,P,30,30,498,17,18,4,0,NA,NA,NA,NA,NA
sanchca01,Carlos Sanchez,2019,CHA,2B,149,141,3770,248,416,9,108,NA,NA,NA,NA,NA
sanchga02,Gary Sanchez,2019,NYA,C,90,86,2228,793,32,15,5,7,NA,36,11,NA
sandopa01,Pablo Sandoval,6057,SFN,1B+3B+P,69,51,1418,145,70,6,23,NA,NA,NA,NA,NA
sandopa02,Patrick Sandoval,2019,LAA,P,10,9,118,2,4,1,0,NA,NA,NA,NA,NA
sanomi01,Miguel Sano,4038,MIN,1B+3B,100,94,2577,92,164,19,19,NA,NA,NA,NA,NA
santaan02,Anthony Santander,2019,BAL,OF,90,89,2380,223,5,2,2,NA,NA,NA,NA,NA
santaca01,Carlos Santana,2019,CLE,1B,135,135,3557,951,73,10,77,NA,NA,NA,NA,NA
santada01,Danny Santana,10095,TEX,1B+2B+3B+OF+SS,129,111,2993,427,93,15,48,NA,NA,NA,NA,NA
santade01,Dennis Santana,2019,LAN,P,3,0,15,0,0,0,0,NA,NA,NA,NA,NA
santado01,Domingo Santana,2019,SEA,OF,100,98,2597,184,4,12,1,NA,NA,NA,NA,NA
santaer01,Ervin Santana,2019,CHA,P,3,3,40,2,0,0,0,NA,NA,NA,NA,NA
santihe01,Hector Santiago,4038,NYN+CHA,P,19,2,101,0,5,0,1,NA,NA,NA,NA,NA
sborzjo01,Josh Sborz,2019,LAN,P,7,0,27,2,0,0,0,NA,NA,NA,NA,NA
schebsc01,Scott Schebler,2019,CIN,OF,25,22,599,57,0,1,0,NA,NA,NA,NA,NA
scherma01,Max Scherzer,2019,WAS,P,27,27,517,10,13,1,1,NA,NA,NA,NA,NA
schlibr01,Brian Schlitter,2019,OAK,P,6,0,29,0,1,0,0,NA,NA,NA,NA,NA
schoojo01,Jonathan Schoop,2019,MIN,2B,113,110,2950,166,254,14,62,NA,NA,NA,NA,NA
schrejo01,John Schreiber,2019,DET,P,13,0,39,1,0,0,0,NA,NA,NA,NA,NA
schulja02,Jaime Schultz,2019,LAN,P,4,0,15,0,0,0,0,NA,NA,NA,NA,NA
schwaky01,Kyle Schwarber,4038,CHN,C+OF,141,137,3473,215,7,6,0,NA,NA,NA,NA,NA
schwifr01,Frank Schwindel,2019,KCA,1B,5,4,96,30,0,1,2,NA,NA,NA,NA,NA
scottro02,Robby Scott,2019,ARI,P,11,0,22,0,0,0,0,NA,NA,NA,NA,NA
scottta01,Tanner Scott,2019,BAL,P,28,0,79,0,2,1,0,NA,NA,NA,NA,NA
scottta02,Tayler Scott,4038,SEA+BAL,P,13,2,49,3,2,1,1,NA,NA,NA,NA,NA
seageco01,Corey Seager,2019,LAN,SS,132,125,3248,138,304,15,59,NA,NA,NA,NA,NA
seageky01,Kyle Seager,2019,SEA,3B,104,103,2729,64,218,11,23,NA,NA,NA,NA,NA
segurje01,Jean Segura,2019,PHI,SS,142,141,3638,175,351,20,83,NA,NA,NA,NA,NA
selmasa01,Sam Selman,2019,SFN,P,10,0,31,2,1,0,0,NA,NA,NA,NA,NA
semiema01,Marcus Semien,2019,OAK,SS,161,162,4305,186,436,12,85,NA,NA,NA,NA,NA
senzaan01,Antonio Senzatela,2019,COL,P,25,25,374,10,22,2,2,NA,NA,NA,NA,NA
senzeni01,Nick Senzel,4038,CIN,2B+OF,97,93,2403,177,5,4,1,NA,NA,NA,NA,NA
severlu01,Luis Severino,2019,NYA,P,3,3,36,0,2,1,0,NA,NA,NA,NA,NA
severpe01,Pedro Severino,2019,BAL,C,89,80,2159,655,29,8,5,10,NA,42,13,NA
sewalpa01,Paul Sewald,2019,NYN,P,17,0,59,1,0,0,0,NA,NA,NA,NA,NA
shafeju01,Justin Shafer,2019,TOR,P,34,0,119,2,1,0,0,NA,NA,NA,NA,NA
shawami01,Mike Shawaryn,2019,BOS,P,14,0,61,0,0,1,0,NA,NA,NA,NA,NA
shawbr01,Bryan Shaw,2019,COL,P,70,0,216,6,6,0,0,NA,NA,NA,NA,NA
shawch01,Chris Shaw,2019,SFN,1B,4,1,36,4,1,0,0,NA,NA,NA,NA,NA
shawtr01,Travis Shaw,6057,MIL,1B+2B+3B,79,58,1611,39,118,3,10,NA,NA,NA,NA,NA
sheffju01,Justus Sheffield,2019,SEA,P,8,7,108,1,6,1,1,NA,NA,NA,NA,NA
shephch01,Chandler Shepherd,2019,BAL,P,5,3,57,1,1,0,0,NA,NA,NA,NA,NA
sherfji01,James Sherfy,2019,ARI,P,17,0,55,0,2,0,0,NA,NA,NA,NA,NA
shoemma01,Matt Shoemaker,2019,TOR,P,5,5,86,6,4,1,0,NA,NA,NA,NA,NA
shrevch01,Chasen Shreve,2019,SLN,P,3,0,6,0,0,0,0,NA,NA,NA,NA,NA
shuckja01,JB Shuck,4038,PIT,OF+P,19,10,339,24,0,0,0,NA,NA,NA,NA,NA
sierrma01,Magneuris Sierra,2019,MIA,OF,14,10,262,23,2,0,1,NA,NA,NA,NA,NA
simmoan01,Andrelton Simmons,2019,LAA,SS,102,98,2620,137,276,11,56,NA,NA,NA,NA,NA
simslu01,Lucas Sims,2019,CIN,P,24,4,129,2,3,0,0,NA,NA,NA,NA,NA
sippto01,Tony Sipp,2019,WAS,P,36,0,63,2,1,1,0,NA,NA,NA,NA,NA
siscoch01,Chance Sisco,4038,BAL,1B+C,53,45,1186,332,7,6,0,NA,NA,NA,NA,NA
skaggty01,Tyler Skaggs,2019,LAA,P,15,15,239,5,7,0,0,NA,NA,NA,NA,NA
skogler01,Eric Skoglund,2019,KCA,P,6,4,63,2,4,0,1,NA,NA,NA,NA,NA
skolema01,Matt Skole,2019,CHA,1B,9,9,234,59,1,0,9,NA,NA,NA,NA,NA
slateau01,Austin Slater,6057,SFN,1B+2B+OF,57,41,1157,117,7,2,4,NA,NA,NA,NA,NA
slegeaa01,Aaron Slegers,2019,TBA,P,1,0,9,0,0,0,0,NA,NA,NA,NA,NA
smeltde01,Devin Smeltzer,2019,MIN,P,11,6,147,0,3,0,0,NA,NA,NA,NA,NA
smithbu03,Burch Smith,4038,MIL+SFN,P,17,0,64,1,2,0,0,NA,NA,NA,NA,NA
smithca03,Caleb Smith,2019,MIA,P,28,28,460,7,12,2,1,NA,NA,NA,NA,NA
smithdo02,Dominic Smith,4038,NYN,1B+OF,69,35,1023,141,10,3,12,NA,NA,NA,NA,NA
smithdw02,Dwight Smith,2019,BAL,OF,86,82,2087,153,3,5,1,NA,NA,NA,NA,NA
smithjo05,Joe Smith,2019,HOU,P,28,0,75,1,1,0,0,NA,NA,NA,NA,NA
smithjo07,Josh Smith,2019,BOS,P,18,2,93,3,1,0,0,NA,NA,NA,NA,NA
smithjo08,Josh Smith,4038,CLE+MIA,P,14,0,38,0,1,0,0,NA,NA,NA,NA,NA
smithke04,Kevan Smith,2019,LAA,C,59,46,1290,392,22,2,0,0,NA,30,5,NA
smithma05,Mallex Smith,2019,SEA,OF,132,124,3336,312,2,5,2,NA,NA,NA,NA,NA
smithwi04,Will Smith,2019,SFN,P,63,0,196,1,3,1,1,NA,NA,NA,NA,NA
smithwi05,Will Smith,2019,LAN,C,46,45,1209,436,20,0,1,2,NA,20,6,NA
smoakju01,Justin Smoak,2019,TOR,1B,89,88,2316,686,42,4,64,NA,NA,NA,NA,NA
smylydr01,Drew Smyly,4038,TEX+PHI,P,25,21,342,4,12,0,0,NA,NA,NA,NA,NA
sneedcy01,Cy Sneed,2019,HOU,P,8,0,64,0,1,0,0,NA,NA,NA,NA,NA
snellbl01,Blake Snell,2019,TBA,P,23,23,321,1,14,1,1,NA,NA,NA,NA,NA
sobotch01,Chad Sobotka,2019,ATL,P,32,0,87,0,0,0,0,NA,NA,NA,NA,NA
sogarer01,Eric Sogard,10095,TOR+TOR+TOR+TOR+TBA,2B+3B+OF+SS+2B,91,75,2105,137,177,7,31,NA,NA,NA,NA,NA
solakni01,Nick Solak,4038,TEX,2B+3B,16,16,432,15,24,3,4,NA,NA,NA,NA,NA
solando01,Donovan Solano,6057,SFN,2B+3B+SS,57,42,1221,84,113,2,27,NA,NA,NA,NA,NA
solarya01,Yangervis Solarte,8076,SFN,2B+3B+OF+SS,25,16,449,38,27,1,12,NA,NA,NA,NA,NA
solerjo01,Jorge Soler,2019,KCA,OF,56,54,1342,97,3,3,0,NA,NA,NA,NA,NA
soriajo01,Joakim Soria,2019,OAK,P,71,1,207,5,5,0,0,NA,NA,NA,NA,NA
sorokmi01,Mike Soroka,2019,ATL,P,29,29,524,9,27,0,5,NA,NA,NA,NA,NA
sosaed01,Edmundo Sosa,2019,SLN,2B,4,1,33,1,1,0,0,NA,NA,NA,NA,NA
sotogr01,Gregory Soto,2019,DET,P,33,7,173,1,6,3,1,NA,NA,NA,NA,NA
sotoju01,Juan Soto,2019,WAS,OF,150,150,3982,273,0,2,0,NA,NA,NA,NA,NA
spangco01,Cory Spangenberg,8076,MIL,2B+3B+OF+SS,35,24,687,35,52,1,10,NA,NA,NA,NA,NA
sparkgl01,Glenn Sparkman,2019,KCA,P,31,23,408,5,14,0,1,NA,NA,NA,NA,NA
speiega01,Gabe Speier,2019,KCA,P,9,0,22,0,2,0,0,NA,NA,NA,NA,NA
springe01,George Springer,2019,HOU,OF,109,106,2745,220,5,2,1,NA,NA,NA,NA,NA
sprinje01,Jeffrey Springs,2019,TEX,P,25,0,97,0,1,0,0,NA,NA,NA,NA,NA
stallja01,Jacob Stallings,4038,PIT,C+P,62,53,1393,510,24,5,1,NA,NA,NA,NA,NA
stameer01,Eric Stamets,2019,CLE,SS,15,14,354,10,28,2,3,NA,NA,NA,NA,NA
stammcr01,Craig Stammen,2019,SDN,P,76,0,246,6,16,1,1,NA,NA,NA,NA,NA
stanery01,Ryne Stanek,4038,TBA+MIA,P,63,27,231,5,3,0,0,NA,NA,NA,NA,NA
stantmi03,Giancarlo Stanton,2019,NYA,OF,13,13,285,15,0,1,0,NA,NA,NA,NA,NA
starlbu01,Bubba Starling,2019,KCA,OF,55,49,1330,123,5,1,2,NA,NA,NA,NA,NA
stashco01,Cody Stashak,2019,MIN,P,18,1,75,0,2,0,1,NA,NA,NA,NA,NA
stassma01,Max Stassi,8076,HOU+HOU+HOU+LAA,1B+C+P+C,50,44,1072,375,20,2,2,NA,NA,NA,NA,NA
staumjo01,Josh Staumont,2019,KCA,P,16,0,58,1,2,0,0,NA,NA,NA,NA,NA
steckdr01,Drew Steckenrider,2019,MIA,P,15,0,43,1,0,0,0,NA,NA,NA,NA,NA
stephro01,Robert Stephenson,2019,CIN,P,57,0,194,4,6,4,0,NA,NA,NA,NA,NA
stevean01,Andrew Stevenson,2019,WAS,OF,5,3,75,1,0,0,0,NA,NA,NA,NA,NA
stewabr01,Brock Stewart,4038,LAN+TOR,P,13,0,77,1,2,0,0,NA,NA,NA,NA,NA
stewach02,Christin Stewart,2019,DET,OF,89,89,2300,133,2,5,1,NA,NA,NA,NA,NA
stewadj01,DJ Stewart,2019,BAL,OF,35,33,827,50,3,2,1,NA,NA,NA,NA,NA
stewako01,Kohl Stewart,2019,MIN,P,9,2,76,1,3,0,0,NA,NA,NA,NA,NA
stjohlo01,Locke St. John,2019,TEX,P,7,0,20,1,0,0,0,NA,NA,NA,NA,NA
stockro01,Robert Stock,2019,SDN,P,10,0,32,0,1,0,0,NA,NA,NA,NA,NA
storytr01,Trevor Story,2019,COL,SS,144,144,3772,182,416,8,90,NA,NA,NA,NA,NA
strahma01,Matt Strahm,2019,SDN,P,46,16,344,9,11,0,0,NA,NA,NA,NA,NA
straida01,Dan Straily,2019,BAL,P,14,8,143,2,4,1,0,NA,NA,NA,NA,NA
strasst01,Stephen Strasburg,2019,WAS,P,33,33,627,21,24,2,2,NA,NA,NA,NA,NA
stratch01,Chris Stratton,4038,LAA+PIT,P,35,5,228,7,14,0,1,NA,NA,NA,NA,NA
strawmy01,Myles Straw,6057,HOU,2B+OF+SS,48,27,918,43,47,0,4,NA,NA,NA,NA,NA
strichu01,Hunter Strickland,4038,SEA+WAS,P,28,0,73,2,0,0,0,NA,NA,NA,NA,NA
stripro01,Ross Stripling,2019,LAN,P,32,15,272,5,12,1,0,NA,NA,NA,NA,NA
stromma01,Marcus Stroman,4038,TOR+NYN,P,32,32,553,21,30,4,2,NA,NA,NA,NA,NA
stroppe01,Pedro Strop,2019,CHN,P,50,0,125,4,1,1,0,NA,NA,NA,NA,NA
stubbga01,Garrett Stubbs,4038,HOU,C+OF,18,6,262,80,3,1,0,NA,NA,NA,NA,NA
stumpda01,Daniel Stumpf,2019,DET,P,48,0,87,2,1,0,0,NA,NA,NA,NA,NA
suarean01,Andrew Suarez,2019,SFN,P,21,2,98,2,1,0,0,NA,NA,NA,NA,NA
suareeu01,Eugenio Suarez,2019,CIN,3B,158,151,3926,106,246,17,26,NA,NA,NA,NA,NA
suarejo01,Jose Suarez,2019,LAA,P,19,15,243,4,10,1,0,NA,NA,NA,NA,NA
suarera01,Ranger Suarez,2019,PHI,P,37,0,146,5,8,0,0,NA,NA,NA,NA,NA
sucreje01,Jesus Sucre,6057,BAL,1B+C+P,20,17,450,113,5,1,3,NA,NA,NA,NA,NA
suerowa01,Wander Suero,2019,WAS,P,78,0,214,4,7,3,0,NA,NA,NA,NA,NA
sulseco01,Cole Sulser,2019,TBA,P,7,0,22,0,1,0,0,NA,NA,NA,NA,NA
suterbr01,Brent Suter,2019,MIL,P,9,0,55,1,3,1,0,NA,NA,NA,NA,NA
suzukic01,Ichiro Suzuki,2019,SEA,OF,2,2,30,3,0,0,0,NA,NA,NA,NA,NA
suzukku01,Kurt Suzuki,2019,WAS,C,75,70,1885,666,27,3,1,6,NA,45,5,NA
swansda01,Dansby Swanson,2019,ATL,SS,126,123,3272,137,347,12,68,NA,NA,NA,NA,NA
swanser01,Erik Swanson,2019,SEA,P,27,8,174,2,3,0,0,NA,NA,NA,NA,NA
swarzan01,Anthony Swarzak,4038,SEA+ATL,P,59,0,160,0,4,0,0,NA,NA,NA,NA,NA
swihabl01,Blake Swihart,10095,BOS+BOS+BOS+ARI+ARI,1B+C+OF+1B+OF,29,17,548,77,5,3,0,NA,NA,NA,NA,NA
syndeno01,Noah Syndergaard,2019,NYN,P,32,32,593,14,21,4,4,NA,NA,NA,NA,NA
taillja01,Jameson Taillon,2019,PIT,P,7,7,112,1,2,0,0,NA,NA,NA,NA,NA
tanakma01,Masahiro Tanaka,2019,NYA,P,32,31,546,9,18,2,3,NA,NA,NA,NA,NA
tapiara01,Raimel Tapia,2019,COL,OF,106,91,2537,164,6,4,1,NA,NA,NA,NA,NA
tarplst01,Stephen Tarpley,2019,NYA,P,21,1,74,2,2,0,1,NA,NA,NA,NA,NA
tatedi01,Dillon Tate,2019,BAL,P,16,0,63,0,2,0,0,NA,NA,NA,NA,NA
tatisfe02,Fernando Tatis,2019,SDN,SS,83,82,2194,90,215,18,36,NA,NA,NA,NA,NA
tauchmi01,Mike Tauchman,2019,NYA,OF,86,77,2083,156,3,1,1,NA,NA,NA,NA,NA
taylobe04,Beau Taylor,6057,OAK+TOR+OAK,C,10,9,225,68,3,0,0,1,NA,2,3,NA
tayloch03,Chris Taylor,8076,LAN,2B+3B+OF+SS,134,90,2551,144,99,11,20,NA,NA,NA,NA,NA
taylojo02,Josh Taylor,2019,BOS,P,52,1,142,0,4,1,0,NA,NA,NA,NA,NA
taylomi02,Michael Taylor,2019,WAS,OF,31,19,568,32,2,1,1,NA,NA,NA,NA,NA
tayloty01,Tyrone Taylor,2019,MIL,OF,11,0,71,7,0,0,0,NA,NA,NA,NA,NA
teherju01,Julio Teheran,2019,ATL,P,33,33,524,4,25,0,0,NA,NA,NA,NA,NA
tejadru01,Ruben Tejada,6057,NYN,2B+3B+SS,6,2,72,4,5,0,1,NA,NA,NA,NA,NA
tellero01,Rowdy Tellez,2019,TOR,1B,57,57,1449,451,41,2,40,NA,NA,NA,NA,NA
teperry01,Ryan Tepera,2019,TOR,P,23,1,65,0,4,1,0,NA,NA,NA,NA,NA
thaisma01,Matt Thaiss,4038,LAA,1B+3B,56,39,1048,96,59,7,7,NA,NA,NA,NA,NA
thameer01,Eric Thames,4038,MIL,1B+OF,117,95,2529,649,46,3,63,NA,NA,NA,NA,NA
thomala02,Lane Thomas,2019,SLN,OF,25,4,245,22,1,0,1,NA,NA,NA,NA,NA
thorntr01,Trent Thornton,2019,TOR,P,32,29,463,6,8,1,1,NA,NA,NA,NA,NA
thornty01,Tyler Thornburg,2019,BOS,P,16,0,56,0,2,0,0,NA,NA,NA,NA,NA
thorple01,Lewis Thorpe,2019,MIN,P,12,2,83,0,2,0,0,NA,NA,NA,NA,NA
tilsoch01,Charlie Tilson,2019,CHA,OF,51,41,1075,94,4,3,0,NA,NA,NA,NA,NA
tinocje01,Jesus Tinoco,2019,COL,P,24,0,108,3,2,0,0,NA,NA,NA,NA,NA
tomlijo01,Josh Tomlin,2019,ATL,P,51,1,238,5,11,0,1,NA,NA,NA,NA,NA
toroab01,Abraham Toro,4038,HOU,1B+3B,25,20,569,18,37,2,5,NA,NA,NA,NA,NA
torreca01,Carlos Torres,2019,DET,P,4,0,18,0,0,0,0,NA,NA,NA,NA,NA
torregl01,Gleyber Torres,4038,NYA,2B+SS,142,137,3621,204,327,20,88,NA,NA,NA,NA,NA
torrelu01,Luis Torrens,2019,SDN,C,4,3,84,32,1,0,0,0,NA,1,0,NA
torrero01,Ronald Torreyes,8076,MIN,2B+3B+OF+SS,9,4,115,7,9,1,1,NA,NA,NA,NA,NA
toussto01,Touki Toussaint,2019,ATL,P,24,1,125,4,4,0,0,NA,NA,NA,NA,NA
tovarwi01,Wilfredo Tovar,2019,LAA,SS,31,23,621,29,62,1,12,NA,NA,NA,NA,NA
travisa01,Sam Travis,4038,BOS,1B+OF,48,31,849,175,9,4,14,NA,NA,NA,NA,NA
treinbl01,Blake Treinen,2019,OAK,P,57,0,176,4,1,0,0,NA,NA,NA,NA,NA
trevijo01,Jose Trevino,2019,TEX,C,40,32,893,259,13,1,1,1,NA,9,7,NA
trivilo01,Lou Trivino,2019,OAK,P,61,0,180,7,3,1,1,NA,NA,NA,NA,NA
tropeni01,Nick Tropeano,2019,LAA,P,3,1,41,1,1,0,0,NA,NA,NA,NA,NA
troutmi01,Mike Trout,2019,LAA,OF,122,121,3155,294,5,4,2,NA,NA,NA,NA,NA
tuckeco01,Cole Tucker,2019,PIT,SS,45,36,956,45,92,2,20,NA,NA,NA,NA,NA
tuckeky01,Kyle Tucker,4038,HOU,1B+OF,23,12,413,44,2,1,1,NA,NA,NA,NA,NA
tuivasa01,Sam Tuivailala,2019,SEA,P,23,2,69,0,0,1,0,NA,NA,NA,NA,NA
tulowtr01,Troy Tulowitzki,2019,NYA,SS,4,4,90,3,7,0,0,NA,NA,NA,NA,NA
turnbsp01,Spencer Turnbull,2019,DET,P,30,30,445,6,13,1,1,NA,NA,NA,NA,NA
turneju01,Justin Turner,4038,LAN,2B+3B,125,119,3074,67,219,8,22,NA,NA,NA,NA,NA
turnetr01,Trea Turner,2019,WAS,SS,122,122,3196,130,298,13,57,NA,NA,NA,NA,NA
underdu01,Duane Underwood,2019,CHN,P,12,0,35,1,1,0,0,NA,NA,NA,NA,NA
uptonju01,Justin Upton,2019,LAA,OF,56,55,1383,86,2,4,0,NA,NA,NA,NA,NA
urenajo01,Jose Urena,2019,MIA,P,24,13,254,11,8,0,1,NA,NA,NA,NA,NA
urenari01,Richard Urena,10095,TOR,2B+3B+OF+P+SS,30,21,588,21,46,2,6,NA,NA,NA,NA,NA
uriasju01,Julio Urias,2019,LAN,P,37,8,239,4,6,4,0,NA,NA,NA,NA,NA
uriaslu01,Luis Urias,6057,SDN,2B+3B+SS,68,65,1685,77,131,10,22,NA,NA,NA,NA,NA
urquijo01,Jose Urquidy,2019,HOU,P,9,7,123,3,3,0,1,NA,NA,NA,NA,NA
urshegi01,Gio Urshela,6057,NYA,1B+3B+OF,125,109,2953,69,212,13,21,NA,NA,NA,NA,NA
valaipa01,Pat Valaika,8076,COL,1B+2B+3B+SS,24,15,460,34,48,1,14,NA,NA,NA,NA,NA
valdefr01,Framber Valdez,2019,HOU,P,26,8,212,3,11,1,1,NA,NA,NA,NA,NA
valdeph01,Phillips Valdez,2019,TEX,P,11,0,48,1,0,0,0,NA,NA,NA,NA,NA
valerbr01,Breyvic Valera,8076,NYA+TOR+TOR+TOR,2B+2B+3B+SS,17,12,366,12,36,0,6,NA,NA,NA,NA,NA
vanmejo01,Josh VanMeter,8076,CIN,1B+2B+3B+OF,89,53,1391,128,38,4,9,NA,NA,NA,NA,NA
vargail01,Ildemaro Vargas,8076,ARI,2B+3B+OF+SS,68,35,1121,59,105,2,26,NA,NA,NA,NA,NA
vargaja01,Jason Vargas,4038,NYN+PHI,P,30,29,449,4,17,3,1,NA,NA,NA,NA,NA
vasquan02,Andrew Vasquez,2019,MIN,P,1,0,0,0,0,0,0,NA,NA,NA,NA,NA
vazquch01,Christian Vazquez,8076,BOS,1B+2B+3B+C,135,111,3009,1043,81,2,10,NA,NA,NA,NA,NA
velasvi01,Vince Velasquez,4038,PHI,OF+P,34,23,358,15,13,4,4,NA,NA,NA,NA,NA
velazan01,Andrew Velazquez,10095,TBA+TBA+TBA+CLE+CLE,2B+3B+OF+2B+OF,12,5,165,13,14,1,3,NA,NA,NA,NA,NA
velazhe01,Hector Velazquez,2019,BOS,P,34,8,169,4,5,1,0,NA,NA,NA,NA,NA
vendipa01,Pat Venditte,2019,SFN,P,2,0,10,1,0,0,0,NA,NA,NA,NA,NA
ventejo01,Jonny Venters,4038,ATL+WAS,P,12,0,24,0,0,0,0,NA,NA,NA,NA,NA
verdual01,Alex Verdugo,2019,LAN,OF,97,82,2268,170,6,2,0,NA,NA,NA,NA,NA
verhadr01,Drew VerHagen,2019,DET,P,22,4,174,1,7,0,2,NA,NA,NA,NA,NA
verlaju01,Justin Verlander,2019,HOU,P,34,34,669,17,10,0,0,NA,NA,NA,NA,NA
vieirth01,Thyago Vieira,2019,CHA,P,6,0,21,0,1,1,1,NA,NA,NA,NA,NA
villajo01,Jonathan Villar,4038,BAL,2B+SS,208,158,4174,206,420,20,104,NA,NA,NA,NA,NA
vilorme01,Meibrys Viloria,2019,KCA,C,41,39,1036,294,21,1,2,3,NA,13,9,NA
vinceni01,Nick Vincent,4038,SFN+PHI,P,32,1,134,1,2,2,0,NA,NA,NA,NA,NA
vizcaar01,Arodys Vizcaino,2019,ATL,P,4,0,12,0,0,0,0,NA,NA,NA,NA,NA
vogelda01,Dan Vogelbach,2019,SEA,1B,57,49,1265,394,22,2,45,NA,NA,NA,NA,NA
vogtst01,Stephen Vogt,6057,SFN,1B+C+OF,68,54,1509,430,24,1,0,NA,NA,NA,NA,NA
voitlu01,Luke Voit,2019,NYA,1B,83,81,2119,575,28,7,60,NA,NA,NA,NA,NA
volqued01,Edinson Volquez,2019,TEX,P,11,4,48,3,0,0,1,NA,NA,NA,NA,NA
vothau01,Austin Voth,2019,WAS,P,9,8,131,4,4,0,0,NA,NA,NA,NA,NA
vottojo01,Joey Votto,4038,CIN,1B+OF,134,132,3396,944,118,7,93,NA,NA,NA,NA,NA
wachami01,Michael Wacha,2019,SLN,P,29,24,380,11,12,1,2,NA,NA,NA,NA,NA
wadela01,LaMonte Wade,4038,MIN,1B+OF,25,15,430,27,2,0,1,NA,NA,NA,NA,NA
wadety01,Tyler Wade,8076,NYA,2B+3B+OF+SS,45,28,815,47,48,1,10,NA,NA,NA,NA,NA
wagueja01,Jacob Waguespack,2019,TOR,P,16,13,234,2,5,0,0,NA,NA,NA,NA,NA
wainwad01,Adam Wainwright,2019,SLN,P,31,31,515,15,17,0,1,NA,NA,NA,NA,NA
waldema01,Marcus Walden,2019,BOS,P,70,0,234,5,5,1,0,NA,NA,NA,NA,NA
walkech02,Christian Walker,2019,ARI,1B,142,132,3537,1042,139,11,95,NA,NA,NA,NA,NA
walkeje02,Jeremy Walker,2019,ATL,P,6,0,28,0,1,0,0,NA,NA,NA,NA,NA
walkene01,Neil Walker,6057,MIA,1B+2B+3B,96,79,2104,457,55,3,47,NA,NA,NA,NA,NA
walketa01,Taijuan Walker,2019,ARI,P,1,1,3,0,0,0,0,NA,NA,NA,NA,NA
wallach01,Chad Wallach,2019,MIA,C,14,12,357,132,7,1,1,1,NA,3,2,NA
walshja01,Jared Walsh,4038,LAA,1B+P,29,21,556,140,17,0,12,NA,NA,NA,NA,NA
waltodo01,Donovan Walton,4038,SEA,2B+SS,7,5,141,8,7,0,1,NA,NA,NA,NA,NA
wangwe01,Wei-Chung Wang,4038,OAK+PIT,P,25,0,93,0,5,0,0,NA,NA,NA,NA,NA
wardta01,Taylor Ward,4038,LAA,3B+OF,13,10,255,17,2,2,1,NA,NA,NA,NA,NA
warread01,Adam Warren,2019,SDN,P,25,0,86,4,4,0,0,NA,NA,NA,NA,NA
warrear01,Art Warren,2019,SEA,P,6,0,16,0,0,0,0,NA,NA,NA,NA,NA
watsoto01,Tony Watson,2019,SFN,P,60,0,162,3,9,0,0,NA,NA,NA,NA,NA
weavelu01,Luke Weaver,2019,ARI,P,12,12,193,5,7,0,0,NA,NA,NA,NA,NA
webbja01,Jacob Webb,2019,ATL,P,36,0,97,0,1,0,0,NA,NA,NA,NA,NA
webblo01,Logan Webb,2019,SFN,P,8,8,119,0,8,0,1,NA,NA,NA,NA,NA
webbty01,Tyler Webb,2019,SLN,P,65,0,165,5,5,0,0,NA,NA,NA,NA,NA
weberry01,Ryan Weber,2019,BOS,P,18,3,122,3,9,0,0,NA,NA,NA,NA,NA
webstal01,Allen Webster,2019,CHN,P,12,0,33,1,3,0,1,NA,NA,NA,NA,NA
wendejb01,J. B. Wendelken,2019,OAK,P,27,0,98,1,2,0,0,NA,NA,NA,NA,NA
wendljo01,Joey Wendle,8076,TBA,2B+3B+OF+SS,86,64,1784,84,149,3,29,NA,NA,NA,NA,NA
wheelza01,Zach Wheeler,2019,NYN,P,31,31,586,13,20,2,0,NA,NA,NA,NA,NA
whitety01,Tyler White,6057,HOU+HOU+LAN,1B+P+1B,60,45,1293,344,30,1,28,NA,NA,NA,NA,NA
wickro01,Rowan Wick,2019,CHN,P,31,0,100,2,5,0,0,NA,NA,NA,NA,NA
wieckbr01,Brad Wieck,4038,SDN+CHN,P,44,0,104,0,1,1,0,NA,NA,NA,NA,NA
wietema01,Matt Wieters,2019,SLN,C,54,41,1160,379,15,2,5,2,NA,11,8,NA
wilkeaa01,Aaron Wilkerson,2019,MIL,P,8,0,48,1,1,0,0,NA,NA,NA,NA,NA
wilkest01,Stevie Wilkerson,6057,BAL,2B+OF+P,118,86,2429,189,23,3,5,NA,NA,NA,NA,NA
williau01,Austen Williams,2019,WAS,P,2,0,1,0,0,0,0,NA,NA,NA,NA,NA
willide03,Devin Williams,2019,MIL,P,13,0,41,0,0,0,0,NA,NA,NA,NA,NA
willima07,Mason Williams,2019,BAL,OF,9,8,216,14,1,1,0,NA,NA,NA,NA,NA
willima08,Mac Williamson,4038,SFN+SEA,OF,38,35,954,69,4,2,0,NA,NA,NA,NA,NA
willini01,Nick Williams,2019,PHI,OF,28,15,510,31,1,0,0,NA,NA,NA,NA,NA
willita01,Taylor Williams,2019,MIL,P,10,0,44,4,3,0,0,NA,NA,NA,NA,NA
willitr01,Trevor Williams,2019,PIT,P,26,26,437,11,15,1,2,NA,NA,NA,NA,NA
wilsoal01,Alex Wilson,2019,MIL,P,13,0,34,0,2,0,0,NA,NA,NA,NA,NA
wilsobo02,Bobby Wilson,2019,DET,C,15,15,383,125,6,0,0,0,NA,11,1,NA
wilsobr02,Bryse Wilson,2019,ATL,P,6,4,60,0,3,0,0,NA,NA,NA,NA,NA
wilsoju10,Justin Wilson,2019,NYN,P,45,0,117,2,5,0,0,NA,NA,NA,NA,NA
wingetr01,Trey Wingenter,2019,SDN,P,51,1,153,0,3,1,1,NA,NA,NA,NA,NA
winkeje01,Jesse Winker,2019,CIN,OF,93,86,2160,145,6,3,2,NA,NA,NA,NA,NA
winklda01,Dan Winkler,2019,ATL,P,27,0,65,0,1,0,0,NA,NA,NA,NA,NA
wisdopa01,Patrick Wisdom,4038,TEX,1B+3B,9,6,186,25,6,1,5,NA,NA,NA,NA,NA
wislema01,Matt Wisler,4038,SDN+SEA,P,44,8,154,3,4,1,0,NA,NA,NA,NA,NA
wittgni01,Nick Wittgren,2019,CLE,P,55,0,173,3,7,0,3,NA,NA,NA,NA,NA
wojcias01,Asher Wojciechowski,2019,BAL,P,17,16,247,4,2,0,0,NA,NA,NA,NA,NA
wolteto01,Tony Wolters,6057,COL,2B+3B+C,121,102,2755,778,80,1,14,NA,NA,NA,NA,NA
wongke01,Kean Wong,6057,TBA+TBA+LAA,2B+OF+2B,5,3,105,5,7,0,2,NA,NA,NA,NA,NA
wongko01,Kolten Wong,2019,SLN,2B,147,134,3586,250,412,9,103,NA,NA,NA,NA,NA
woodal02,Alex Wood,2019,CIN,P,7,7,107,2,3,0,0,NA,NA,NA,NA,NA
woodhu01,Hunter Wood,4038,TBA+CLE,P,36,2,136,2,2,0,0,NA,NA,NA,NA,NA
woodrbr01,Brandon Woodruff,2019,MIL,P,22,22,365,7,8,0,1,NA,NA,NA,NA,NA
workmbr01,Brandon Workman,2019,BOS,P,73,0,215,4,5,0,1,NA,NA,NA,NA,NA
wothema01,Matt Wotherspoon,2019,BAL,P,2,0,14,1,1,0,0,NA,NA,NA,NA,NA
wrighky01,Kyle Wright,2019,ATL,P,7,4,59,1,1,0,0,NA,NA,NA,NA,NA
wrighmi01,Mike Wright,4038,BAL+SEA,P,19,0,88,4,1,0,0,NA,NA,NA,NA,NA
wrighst01,Steven Wright,2019,BOS,P,6,0,19,0,1,0,0,NA,NA,NA,NA,NA
wynnsau01,Austin Wynns,2019,BAL,C,25,20,546,173,12,3,1,2,NA,11,3,NA
yacabji01,Jimmy Yacabonis,2019,BAL,P,29,4,123,2,5,1,1,NA,NA,NA,NA,NA
yamamjo01,Jordan Yamamoto,2019,MIA,P,15,15,236,5,7,1,1,NA,NA,NA,NA,NA
yarbrry01,Ryan Yarbrough,2019,TBA,P,28,14,425,6,13,0,1,NA,NA,NA,NA,NA
yardler01,Eric Yardley,2019,SDN,P,10,0,35,1,3,0,0,NA,NA,NA,NA,NA
yastrmi01,Mike Yastrzemski,2019,SFN,OF,102,89,2463,189,2,4,0,NA,NA,NA,NA,NA
yateski01,Kirby Yates,2019,SDN,P,60,0,182,6,5,0,1,NA,NA,NA,NA,NA
yelicch01,Christian Yelich,2019,MIL,OF,124,125,3279,225,7,4,2,NA,NA,NA,NA,NA
ynoaga01,Gabriel Ynoa,2019,BAL,P,36,13,332,7,8,2,0,NA,NA,NA,NA,NA
ynoahu01,Huascar Ynoa,2019,ATL,P,2,0,9,1,1,0,0,NA,NA,NA,NA,NA
youngal01,Alex Young,2019,ARI,P,17,15,250,2,8,0,0,NA,NA,NA,NA,NA
zagunma01,Mark Zagunis,2019,CHN,OF,8,6,141,7,0,1,0,NA,NA,NA,NA,NA
zamorda01,Daniel Zamora,2019,NYN,P,17,0,26,0,0,0,0,NA,NA,NA,NA,NA
zavalse01,Seby Zavala,2019,CHA,C,3,3,69,22,3,1,0,0,NA,1,1,NA
zeuchtj01,T. J. Zeuch,2019,TOR,P,5,3,68,0,3,0,0,NA,NA,NA,NA,NA
zimmebr01,Bradley Zimmer,2019,CLE,OF,5,2,66,5,0,0,0,NA,NA,NA,NA,NA
zimmejo02,Jordan Zimmermann,2019,DET,P,23,23,336,7,10,1,1,NA,NA,NA,NA,NA
zimmeky01,Kyle Zimmer,2019,KCA,P,15,0,55,0,1,0,0,NA,NA,NA,NA,NA
zimmery01,Ryan Zimmerman,2019,WAS,1B,44,40,1038,307,20,3,24,NA,NA,NA,NA,NA
zobribe01,Ben Zobrist,8076,CHN,2B+OF+P+SS,51,37,908,58,56,3,16,NA,NA,NA,NA,NA
zuninmi01,Mike Zunino,2019,TBA,C,89,78,2069,764,37,6,7,4,NA,27,17,NA
