playerID,playerName,yearID,teamID,G,AB,R,H,X2B,X3B,HR,RBI,SB,CS,BB,SO,IBB,HBP
abadfe01,Fernando Abad,2019,SFN,21,0,0,0,0,0,0,0,0,0,0,0,0,0
abreubr01,Bryan Abreu,2019,HOU,7,0,0,0,0,0,0,0,0,0,0,0,0,0
abreujo02,Jose Abreu,2019,CHA,159,634,85,180,38,1,33,123,2,2,36,152,4,13
acunaro01,Ronald Acuna,2019,ATL,156,626,127,175,22,2,41,101,37,9,76,188,4,9
adamecr01,Cristhian Adames,2019,SFN,10,22,1,7,1,0,0,2,0,0,2,8,0,0
adamewi01,Willy Adames,2019,TBA,152,531,69,135,25,1,20,52,4,2,46,153,1,3
adamja01,Jason Adam,2019,TOR,23,0,0,0,0,0,0,0,0,0,0,0,0,0
adamsau01,Austin Adams,4038,MIN+DET,15,0,0,0,0,0,0,0,0,0,0,0,0,0
adamsau02,Austin Adams,4038,WAS+SEA,30,1,0,0,0,0,0,0,0,0,0,1,0,0
adamsch01,Chance Adams,2019,NYA,13,0,0,0,0,0,0,0,0,0,0,0,0,0
adamsma01,Matt Adams,2019,WAS,111,310,42,70,14,0,20,56,0,0,20,115,1,2
adducji02,Jim Adduci,2019,CHN,2,5,0,0,0,0,0,0,0,0,0,3,0,0
adriaeh01,Ehire Adrianza,2019,MIN,84,202,34,55,8,3,5,22,0,2,20,40,1,6
agrazda01,Dario Agrazal,2019,PIT,15,22,0,2,0,0,0,2,0,0,0,9,0,0
aguilje01,Jesus Aguilar,4038,MIL+TBA,131,314,39,74,12,0,12,50,0,0,43,81,0,2
ahmedni01,Nick Ahmed,2019,ARI,158,556,79,141,33,6,19,82,8,2,52,113,2,4
alanirj01,R. J. Alaniz,4038,SEA+CIN,12,1,0,1,0,0,0,1,0,0,0,0,0,0
alberha01,Hanser Alberto,2019,BAL,139,524,62,160,21,2,12,51,4,4,16,50,1,4
alberma01,Matt Albers,2019,MIL,67,0,0,0,0,0,0,0,0,0,0,0,0,0
albieoz01,Ozzie Albies,2019,ATL,160,640,102,189,43,8,24,86,15,4,54,112,6,4
alcaljo01,Jorge Alcala,2019,MIN,2,0,0,0,0,0,0,0,0,0,0,0,0,0
alcansa01,Sandy Alcantara,2019,MIA,32,58,2,5,1,0,0,4,0,0,1,46,0,1
alcanvi01,Victor Alcantara,2019,DET,46,0,0,0,0,0,0,0,0,0,0,0,0,0
alexasc01,Scott Alexander,2019,LAN,28,0,0,0,0,0,0,0,0,0,0,0,0,0
alexaty01,Tyler Alexander,2019,DET,13,0,0,0,0,0,0,0,0,0,0,0,0,0
alfarjo01,Jorge Alfaro,2019,MIA,130,431,44,113,14,1,18,57,4,4,22,154,1,10
alforan01,Anthony Alford,2019,TOR,16,28,3,5,0,0,1,1,2,0,1,11,0,1
allarko01,Kolby Allard,2019,TEX,9,2,0,0,0,0,0,0,0,0,0,0,0,0
allenau01,Austin Allen,2019,SDN,34,65,4,14,4,0,0,3,0,0,6,21,3,0
allenco01,Cody Allen,2019,LAA,25,1,0,0,0,0,0,0,0,0,0,1,0,0
allengr01,Greg Allen,2019,CLE,89,231,30,53,9,3,4,27,8,2,11,53,1,9
allenlo01,Logan Allen,4038,SDN+CLE,9,4,1,1,0,0,0,0,0,0,0,0,0,1
almonab01,Abraham Almonte,2019,ARI,17,31,11,9,3,1,1,4,0,0,7,8,0,0
almonye01,Yency Almonte,2019,COL,28,5,0,0,0,0,0,0,0,0,0,3,0,0
almoral01,Albert Almora,2019,CHN,130,339,41,80,11,1,12,32,2,1,16,62,4,1
alonspe01,Pete Alonso,2019,NYN,161,597,103,155,30,2,53,120,1,0,72,183,6,21
alonsyo01,Yonder Alonso,4038,CHA+COL,121,292,34,58,13,0,10,37,0,1,39,70,3,2
altavda01,Dan Altavilla,2019,SEA,17,0,0,0,0,0,0,0,0,0,0,0,0,0
altheaa01,Aaron Altherr,6057,PHI+SFN+NYN,49,61,8,5,2,0,1,3,0,0,3,25,0,1
altuvjo01,Jose Altuve,2019,HOU,124,500,89,149,27,3,31,74,6,5,41,82,0,3
alvarjo02,Jose Alvarez,2019,PHI,67,0,0,0,0,0,0,0,0,0,0,0,0,0
alvarjo03,Jose Alvarado,2019,TBA,35,0,0,0,0,0,0,0,0,0,0,0,0,0
alvaryo01,Yordan Alvarez,2019,HOU,87,313,58,98,26,0,27,78,0,0,52,94,4,2
alzolad01,Adbert Alzolay,2019,CHN,4,5,0,0,0,0,0,0,0,0,0,2,0,0
anderbr04,Brett Anderson,2019,OAK,31,8,1,4,0,0,0,0,0,0,0,2,0,0
anderbr06,Brian Anderson,2019,MIA,126,459,57,120,33,1,20,66,5,1,44,114,1,14
anderch01,Chase Anderson,2019,MIL,33,40,1,4,1,0,0,1,0,0,2,24,0,0
anderco01,Cody Anderson,2019,CLE,5,0,0,0,0,0,0,0,0,0,0,0,0,0
anderdr02,Drew Anderson,2019,PHI,2,1,0,0,0,0,0,0,0,0,0,1,0,0
anderju01,Justin Anderson,2019,LAA,54,0,0,0,0,0,0,0,0,0,0,0,0,0
anderni01,Nick Anderson,4038,MIA+TBA,68,0,0,0,0,0,0,0,0,0,0,0,0,0
andersh01,Shaun Anderson,2019,SFN,28,25,0,2,1,0,0,0,0,0,0,19,0,1
anderta01,Tanner Anderson,2019,OAK,6,1,0,0,0,0,0,0,0,0,0,1,0,0
anderti01,Tim Anderson,2019,CHA,123,498,81,167,32,0,18,56,17,5,15,109,0,3
anderty01,Tyler Anderson,2019,COL,5,7,1,1,0,0,0,0,0,0,0,4,0,0
andrima01,Matt Andriese,2019,ARI,54,6,0,0,0,0,0,0,0,0,0,3,0,0
andruel01,Elvis Andrus,2019,TEX,147,600,81,165,27,4,12,72,31,8,34,96,1,4
andujmi01,Miguel Andujar,2019,NYA,12,47,1,6,0,0,0,1,0,0,1,11,0,0
aquinar01,Aristides Aquino,2019,CIN,56,205,31,53,8,0,19,47,7,0,16,60,2,2
aranovi01,Victor Arano,2019,PHI,3,0,0,0,0,0,0,0,0,0,0,0,0,0
araujpe01,Pedro Araujo,2019,BAL,1,0,0,0,0,0,0,0,0,0,0,0,0,0
archech01,Chris Archer,2019,PIT,23,35,1,4,0,0,0,2,0,0,3,19,0,0
arciaor01,Orlando Arcia,2019,MIL,152,494,51,110,16,1,15,59,8,5,43,109,5,1
arenano01,Nolan Arenado,2019,COL,155,588,102,185,31,2,41,118,3,2,62,93,11,4
armenro01,Rogelio Armenteros,2019,HOU,5,0,0,0,0,0,0,0,0,0,0,0,0,0
armstsh01,Shawn Armstrong,4038,SEA+BAL,55,0,0,0,0,0,0,0,0,0,0,0,0,0
arozara01,Randy Arozarena,2019,SLN,19,20,4,6,1,0,1,2,2,1,2,4,0,1
arraelu01,Luis Arraez,2019,MIN,92,326,54,109,20,1,4,28,2,2,36,29,1,1
arrieja01,Jake Arrieta,2019,PHI,24,45,2,7,1,0,0,4,0,0,1,19,0,0
arroych01,Christian Arroyo,2019,TBA,16,50,8,11,2,0,2,7,0,0,5,18,0,1
arteahu01,Humberto Arteaga,2019,KCA,41,122,11,24,4,0,0,4,1,1,8,28,0,2
astudwi01,Willians Astudillo,2019,MIN,58,190,28,51,9,0,4,21,0,0,5,8,0,5
austity01,Tyler Austin,6057,MIN+SFN+MIL,89,154,30,29,5,1,9,24,2,0,24,67,1,0
aveliab01,Abiatal Avelino,2019,SFN,4,7,0,2,0,0,0,1,0,0,1,3,0,0
avilaal01,Alex Avila,2019,ARI,63,164,22,34,8,0,9,24,1,0,36,68,7,1
avilalu01,Luis Avilan,2019,NYN,45,0,0,0,0,0,0,0,0,0,0,0,0,0
avilape01,Pedro Avila,2019,SDN,1,1,0,0,0,0,0,0,0,0,0,0,0,0
baderha01,Harrison Bader,2019,SLN,128,347,54,71,14,3,12,39,11,3,46,117,4,10
baezja01,Javier Baez,2019,CHN,138,531,89,149,38,4,29,85,11,7,28,156,3,0
baezmi01,Michel Baez,2019,SDN,24,0,0,0,0,0,0,0,0,0,0,0,0,0
baezpe01,Pedro Baez,2019,LAN,71,0,0,0,0,0,0,0,0,0,0,0,0,0
baezsa01,Sandy Baez,2019,DET,1,0,0,0,0,0,0,0,0,0,0,0,0,0
baileho02,Homer Bailey,4038,KCA+OAK,31,5,0,2,0,0,0,1,0,0,0,1,0,0
bandaan01,Anthony Banda,2019,TBA,3,0,0,0,0,0,0,0,0,0,0,0,0,0
banuema01,Manny Banuelos,2019,CHA,16,0,0,0,0,0,0,0,0,0,0,0,0,0
bardlu01,Luke Bard,2019,LAA,32,0,0,0,0,0,0,0,0,0,0,0,0,0
barlosc01,Scott Barlow,2019,KCA,61,0,0,0,0,0,0,0,0,0,0,0,0,0
barneau01,Austin Barnes,2019,LAN,75,212,28,43,12,1,5,25,3,0,23,56,3,5
barneja01,Jacob Barnes,4038,MIL+KCA,33,0,0,0,0,0,0,0,0,0,0,0,0,0
barnema01,Matt Barnes,2019,BOS,70,1,0,0,0,0,0,0,0,0,0,1,0,0
barneto01,Tony Barnette,2019,CHN,2,0,0,0,0,0,0,0,0,0,0,0,0,0
barnhtu01,Tucker Barnhart,2019,CIN,114,316,32,73,14,0,11,40,1,0,44,83,7,2
baronst01,Steven Baron,2019,PIT,7,10,0,2,1,0,0,1,0,0,0,6,0,0
barraky01,Kyle Barraclough,4038,WAS+SFN,43,0,0,0,0,0,0,0,0,0,0,0,0,0
barreaa01,Aaron Barrett,2019,WAS,3,0,0,0,0,0,0,0,0,0,0,0,0,0
barrefr02,Franklin Barreto,2019,OAK,23,57,6,7,2,0,2,5,1,0,1,23,0,0
barreja01,Jake Barrett,2019,NYA,2,0,0,0,0,0,0,0,0,0,0,0,0,0
barretr01,Tres Barrera,2019,WAS,2,2,0,0,0,0,0,0,0,0,0,0,0,0
barrija01,Jaime Barria,2019,LAA,19,2,0,0,0,0,0,0,0,0,0,1,0,0
bashlty01,Tyler Bashlor,2019,NYN,24,0,0,0,0,0,0,0,0,0,0,0,0,0
bassan01,Anthony Bass,2019,SEA,44,0,0,0,0,0,0,0,0,0,0,0,0,0
bassich01,Chris Bassitt,2019,OAK,28,4,0,0,0,0,0,0,0,0,0,2,0,0
bauerja01,Jake Bauers,2019,CLE,117,372,46,84,16,1,12,43,3,3,45,115,0,3
bauertr01,Trevor Bauer,4038,CLE+CIN,34,19,1,3,0,0,0,0,0,0,2,12,0,0
bautige01,Gerson Bautista,2019,SEA,8,0,0,0,0,0,0,0,0,0,0,0,0,0
beatyma01,Matt Beaty,2019,LAN,99,249,36,66,19,1,9,46,5,0,17,33,2,2
beckhgo01,Gordon Beckham,2019,DET,83,223,29,48,13,2,6,15,3,1,13,68,0,4
beckhti01,Tim Beckham,2019,SEA,88,304,39,72,21,1,15,47,1,3,21,102,0,3
bednada01,David Bednar,2019,SDN,13,0,0,0,0,0,0,0,0,0,0,0,0,0
bedroca01,Cam Bedrosian,2019,LAA,59,0,0,0,0,0,0,0,0,0,0,0,0,0
beedety01,Tyler Beede,2019,SFN,25,38,2,4,0,0,0,1,0,0,3,23,0,0
beeksja01,Jalen Beeks,2019,TBA,34,3,0,0,0,0,0,0,0,0,0,2,0,0
bellico01,Cody Bellinger,2019,LAN,156,558,121,170,34,3,47,115,15,5,95,108,21,3
belljo02,Josh Bell,2019,PIT,143,527,94,146,37,3,37,116,0,1,74,118,13,5
beltbr01,Brandon Belt,2019,SFN,156,526,76,123,32,3,17,57,4,3,83,127,3,3
bemboan01,Anthony Bemboom,4038,TBA+LAA,25,54,2,7,1,0,1,4,0,0,1,21,0,0
beninan01,Andrew Benintendi,2019,BOS,138,541,72,144,40,5,13,68,10,3,59,140,1,7
bergetr01,Travis Bergen,2019,SFN,21,0,0,0,0,0,0,0,0,0,0,0,0,0
berrijo01,Jose Berrios,2019,MIN,32,4,1,0,0,0,0,0,0,0,1,4,0,0
bertijo01,Jon Berti,2019,MIA,73,256,52,70,14,1,6,24,17,3,24,73,0,6
betande01,Dellin Betances,2019,NYA,1,0,0,0,0,0,0,0,0,0,0,0,0,0
bettich01,Chad Bettis,2019,COL,39,5,0,0,0,0,0,0,0,0,2,2,0,0
bettsmo01,Mookie Betts,2019,BOS,150,597,135,176,40,5,29,80,16,3,97,101,6,3
biagijo01,Joe Biagini,4038,TOR+HOU,63,0,0,0,0,0,0,0,0,0,0,0,0,0
bichebo01,Bo Bichette,2019,TOR,46,196,32,61,18,0,11,21,4,4,14,50,0,1
biddlje01,Jesse Biddle,6057,ATL+SEA+TEX,30,0,0,0,0,0,0,0,0,0,0,0,0,0
biebesh01,Shane Bieber,2019,CLE,34,5,0,0,0,0,0,0,0,0,0,3,0,0
biggica01,Cavan Biggio,2019,TOR,100,354,66,83,17,2,16,48,14,0,71,123,0,2
birdgr01,Greg Bird,2019,NYA,10,35,6,6,0,0,1,1,0,0,6,16,0,0
birdky01,Kyle Bird,2019,TEX,12,0,0,0,0,0,0,0,0,0,0,0,0,0
bishobr01,Braden Bishop,2019,SEA,27,56,3,6,0,0,0,4,0,0,3,21,0,0
blachty01,Ty Blach,4038,SFN+BAL,7,1,0,0,0,0,0,0,0,0,0,1,0,0
blackch02,Charlie Blackmon,2019,COL,140,580,112,182,42,7,32,86,2,5,40,104,1,9
blackpa01,Paul Blackburn,2019,OAK,4,0,0,0,0,0,0,0,0,0,0,0,0,0
blackra01,Ray Black,4038,SFN+MIL,17,0,0,0,0,0,0,0,0,0,0,0,0,0
blandal01,Alex Blandino,2019,CIN,23,36,6,9,1,0,1,3,0,0,10,14,0,2
blazemi01,Michael Blazek,2019,WAS,4,0,0,0,0,0,0,0,0,0,0,0,0,0
bleieri01,Richard Bleier,2019,BAL,53,0,0,0,0,0,0,0,0,0,0,0,0,0
blevije01,Jerry Blevins,2019,ATL,45,0,0,0,0,0,0,0,0,0,0,0,0,0
bogaexa01,Xander Bogaerts,2019,BOS,155,614,110,190,52,0,33,117,4,2,76,122,2,2
bolanro01,Ronald Bolanos,2019,SDN,5,5,1,0,0,0,0,1,0,0,0,4,0,0
boltsk01,Skye Bolt,2019,OAK,5,10,1,1,1,0,0,0,0,0,1,3,0,0
bonifjo01,Jorge Bonifacio,2019,KCA,5,20,3,7,3,0,0,3,0,0,1,7,0,0
borucry01,Ryan Borucki,2019,TOR,2,0,0,0,0,0,0,0,0,0,0,0,0,0
boshebu01,Buddy Boshers,2019,TOR,28,0,0,0,0,0,0,0,0,0,0,0,0,0
boteda01,David Bote,2019,CHN,127,303,47,78,17,0,11,41,5,1,44,93,4,7
bourjpe01,Peter Bourjos,2019,LAA,26,44,4,4,1,0,0,2,2,0,1,15,0,0
bourju01,Justin Bour,2019,LAA,52,151,18,26,5,0,8,26,0,0,17,52,0,1
bourqja01,James Bourque,2019,WAS,1,0,0,0,0,0,0,0,0,0,0,0,0,0
bowmama01,Matthew Bowman,2019,CIN,27,1,0,0,0,0,0,0,0,0,0,0,0,0
boxbebr01,Brad Boxberger,2019,KCA,29,0,0,0,0,0,0,0,0,0,0,0,0,0
boydma01,Matt Boyd,2019,DET,32,2,0,1,0,0,0,0,0,0,0,1,0,0
brachbr01,Brad Brach,4038,CHN+NYN,59,4,0,1,0,0,0,1,0,0,0,1,0,0
bradfch02,Chase Bradford,2019,SEA,12,0,0,0,0,0,0,0,0,0,0,0,0,0
bradlar01,Archie Bradley,2019,ARI,66,1,0,0,0,0,0,0,0,0,0,1,0,0
bradlbo01,Bobby Bradley,2019,CLE,15,45,4,8,5,0,1,4,0,0,4,20,0,0
bradlja02,Jackie Bradley,2019,BOS,147,494,69,111,28,3,21,62,8,6,56,155,3,12
brantmi02,Michael Brantley,2019,HOU,148,575,88,179,40,2,22,90,3,2,51,66,3,7
brantro01,Rob Brantly,2019,PHI,1,1,0,0,0,0,0,0,0,0,0,1,0,0
brasiry01,Ryan Brasier,2019,BOS,62,0,0,0,0,0,0,0,0,0,0,0,0,0
braulst01,Steven Brault,2019,PIT,34,42,8,14,1,0,1,2,0,0,1,8,0,0
braunry02,Ryan Braun,2019,MIL,144,459,70,131,31,2,22,75,11,1,34,105,1,8
brebbjo01,John Brebbia,2019,SLN,66,1,1,1,0,0,0,0,0,0,0,0,0,0
bregmal01,Alex Bregman,2019,HOU,156,554,122,164,37,2,41,112,5,1,119,83,2,9
brennbr01,Brandon Brennan,2019,SEA,44,0,0,0,0,0,0,0,0,0,0,0,0,0
breweco01,Colten Brewer,2019,BOS,58,0,0,0,0,0,0,0,0,0,0,0,0,0
briceau01,Austin Brice,2019,MIA,36,0,0,0,0,0,0,0,0,0,0,0,0,0
brighje01,Jeff Brigham,2019,MIA,32,1,0,0,0,0,0,0,0,0,0,1,0,0
brinsle01,Lewis Brinson,2019,MIA,75,226,15,39,9,1,0,15,1,1,13,74,1,6
britoso01,Socrates Brito,2019,TOR,17,39,5,3,0,1,0,2,0,0,4,17,0,0
brittza01,Zack Britton,2019,NYA,66,0,0,0,0,0,0,0,0,0,0,0,0,0
brookaa01,Aaron Brooks,4038,OAK+BAL,29,3,0,0,0,0,0,0,0,0,0,1,0,0
brossmi01,Mike Brosseau,2019,TBA,51,132,17,36,7,0,6,16,1,0,7,39,0,2
brownse01,Seth Brown,2019,OAK,26,75,11,22,8,2,0,13,1,0,7,23,0,1
broxtke01,Keon Broxton,6057,NYN+BAL+SEA,100,204,24,34,4,0,6,16,10,6,20,104,0,1
bruceja01,Jay Bruce,4038,SEA+PHI,98,310,43,67,17,0,26,59,1,0,19,82,0,1
bryankr01,Kris Bryant,2019,CHN,147,543,108,153,35,1,31,77,4,0,74,145,1,15
buchhcl01,Clay Buchholz,2019,TOR,12,0,0,0,0,0,0,0,0,0,0,0,0,0
buchtry01,Ryan Buchter,2019,OAK,64,0,0,0,0,0,0,0,0,0,0,0,0,0
buehlwa01,Walker Buehler,2019,LAN,30,59,5,5,0,0,1,2,0,0,4,33,0,0
bumgama01,Madison Bumgarner,2019,SFN,37,63,4,8,0,0,2,4,0,0,9,40,0,0
bummeaa01,Aaron Bummer,2019,CHA,58,0,0,0,0,0,0,0,0,0,0,0,0,0
bundydy01,Dylan Bundy,2019,BAL,30,2,0,0,0,0,0,0,0,0,0,2,0,0
burdini01,Nick Burdi,2019,PIT,11,0,0,0,0,0,0,0,0,0,0,0,0,0
burkebr01,Brock Burke,2019,TEX,6,0,0,0,0,0,0,0,0,0,0,0,0,0
burneco01,Corbin Burnes,2019,MIL,32,7,0,2,0,0,0,0,0,0,0,2,0,0
burrry01,Ryan Burr,2019,CHA,16,0,0,0,0,0,0,0,0,0,0,0,0,0
buterdr01,Drew Butera,2019,COL,16,43,6,7,3,0,0,3,0,0,4,14,0,0
buttrty01,Ty Buttrey,2019,LAA,72,0,0,0,0,0,0,0,0,0,0,0,0,0
buxtoby01,Byron Buxton,2019,MIN,87,271,48,71,30,4,10,46,14,3,19,68,1,2
cabreas01,Asdrubal Cabrera,4038,TEX+WAS,131,447,69,116,25,1,18,91,4,0,57,103,2,3
cabrege01,Genesis Cabrera,2019,SLN,13,4,0,0,0,0,0,0,0,0,0,4,0,0
cabreme01,Melky Cabrera,2019,PIT,133,378,43,106,22,1,7,47,2,0,17,41,3,1
cabremi01,Miguel Cabrera,2019,DET,136,493,41,139,21,0,12,59,0,0,48,108,4,3
cahiltr01,Trevor Cahill,2019,LAA,38,3,0,1,0,0,0,0,0,0,0,1,0,0
cainlo01,Lorenzo Cain,2019,MIL,148,562,75,146,30,0,11,48,18,8,50,106,0,6
calhoko01,Kole Calhoun,2019,LAA,152,552,92,128,29,1,33,74,4,1,70,162,7,7
calhowi01,Willie Calhoun,2019,TEX,83,309,51,83,14,1,21,48,0,0,23,53,0,3
camarjo01,Johan Camargo,2019,ATL,98,232,31,54,12,1,7,32,1,0,15,43,2,0
candeje01,Jeimer Candelario,2019,DET,94,335,33,68,17,2,8,32,3,1,43,99,1,7
canhama01,Mark Canha,2019,OAK,126,410,80,112,16,3,26,58,3,2,67,107,1,18
cannigr01,Griffin Canning,2019,LAA,18,2,0,0,0,0,0,0,0,0,0,1,0,0
canoro01,Robinson Cano,2019,NYN,107,390,46,100,28,0,13,39,0,0,25,69,3,5
carasma01,Matt Carasiti,2019,SEA,11,1,0,0,0,0,0,0,0,0,0,0,0,0
caratvi01,Victor Caratini,2019,CHN,95,244,31,65,11,0,11,34,1,0,29,59,0,3
carlesh01,Shane Carle,2019,ATL,6,1,0,0,0,0,0,0,0,0,0,1,0,0
carpeda01,David Carpenter,2019,TEX,4,0,0,0,0,0,0,0,0,0,0,0,0,0
carpema01,Matt Carpenter,2019,SLN,129,416,59,94,20,2,15,46,6,1,63,129,0,7
carpery01,Ryan Carpenter,2019,DET,9,2,0,0,0,0,0,0,0,0,0,1,0,0
carraca01,Carlos Carrasco,2019,CLE,23,0,0,0,0,0,0,0,0,0,0,0,0,0
casalcu01,Curt Casali,2019,CIN,84,207,24,52,9,0,8,32,0,0,25,59,1,1
cashnan01,Andrew Cashner,4038,BAL+BOS,42,3,1,0,0,0,0,0,0,0,0,0,0,0
casteni01,Nick Castellanos,4038,DET+CHN,151,615,100,178,58,3,27,73,2,2,41,143,1,5
castidi01,Diego Castillo,2019,TBA,65,1,0,0,0,0,0,0,0,0,0,1,0,0
castijo03,Jose Castillo,2019,SDN,1,0,0,0,0,0,0,0,0,0,0,0,0,0
castilu02,Luis Castillo,2019,CIN,32,62,3,6,1,0,0,0,0,0,0,32,0,0
castiwe01,Welington Castillo,2019,CHA,72,230,19,48,12,0,12,41,0,0,16,74,0,3
castiwi01,Wilkin Castillo,2019,MIA,2,7,0,1,1,0,0,2,0,0,0,3,0,0
castrha01,Harold Castro,2019,DET,97,354,30,103,10,4,5,38,4,2,9,86,0,0
castrja01,Jason Castro,2019,MIN,79,237,39,55,9,0,13,30,0,0,33,88,0,3
castrmi01,Miguel Castro,2019,BAL,65,0,0,0,0,0,0,0,0,0,0,0,0,0
castrst01,Starlin Castro,2019,MIA,162,636,68,172,31,4,22,86,2,2,28,111,2,3
castrwi01,Willi Castro,2019,DET,30,100,10,23,6,1,1,8,0,1,6,34,0,2
caveja01,Jake Cave,2019,MIN,72,198,28,51,11,2,8,25,0,0,21,71,0,8
ceasedy01,Dylan Cease,2019,CHA,14,0,0,0,0,0,0,0,0,0,0,0,0,0
cedenxa01,Xavier Cedeno,2019,CHN,5,0,0,0,0,0,0,0,0,0,0,0,0,0
centeju01,Juan Centeno,2019,BOS,7,15,0,2,0,0,0,2,1,0,2,2,0,1
cervefr01,Francisco Cervelli,4038,PIT+ATL,48,141,15,30,8,1,3,12,1,0,13,41,0,5
cessalu01,Luis Cessa,2019,NYA,43,1,0,0,0,0,0,0,0,0,0,1,0,0
chacijh01,Jhoulys Chacin,4038,MIL+BOS,25,24,2,3,0,0,1,1,0,0,1,10,0,0
chafian01,Andrew Chafin,2019,ARI,77,0,0,0,0,0,0,0,0,0,0,0,0,0
changyu01,Yu Chang,2019,CLE,28,73,8,13,2,1,1,6,0,0,11,22,0,0
chapmar01,Aroldis Chapman,2019,NYA,60,0,0,0,0,0,0,0,0,0,0,0,0,0
chapmma01,Matt Chapman,2019,OAK,156,583,102,145,36,3,36,91,1,1,73,147,0,11
chargjt01,J. T. Chargois,2019,LAN,21,1,0,0,0,0,0,0,0,0,0,1,0,0
chatwty01,Tyler Chatwood,2019,CHN,41,18,1,3,2,0,0,1,0,0,1,6,0,0
chaveje01,Jesse Chavez,2019,TEX,48,2,0,1,0,0,0,0,0,0,0,1,0,0
chavimi01,Michael Chavis,2019,BOS,95,347,46,88,10,1,18,58,2,1,31,127,2,4
chenwe02,Wei-Yin Chen,2019,MIA,45,5,0,0,0,0,0,0,0,0,0,4,0,0
chiriro01,Robinson Chirinos,2019,HOU,114,366,57,87,22,1,17,58,1,2,51,125,1,13
chiriyo01,Yonny Chirinos,2019,TBA,26,2,0,0,0,0,0,0,0,0,0,2,0,0
choiji01,Ji-Man Choi,2019,TBA,127,410,54,107,20,2,19,63,2,3,64,108,2,6
choosh01,Shin-Soo Choo,2019,TEX,151,563,93,149,31,2,24,61,15,1,78,165,3,18
cimbead01,Adam Cimber,2019,CLE,68,0,0,0,0,0,0,0,0,0,0,0,0,0
cishest01,Steve Cishek,2019,CHN,70,2,0,0,0,0,0,0,0,0,0,0,0,0
cisnejo01,Jose Cisnero,2019,DET,35,0,0,0,0,0,0,0,0,0,0,0,0,0
ciuffni01,Nick Ciuffo,2019,TBA,3,6,0,1,0,0,0,0,0,0,0,3,0,0
civalaa01,Aaron Civale,2019,CLE,10,2,0,0,0,0,0,0,0,0,0,1,0,0
clarkta01,Taylor Clarke,2019,ARI,23,24,2,6,0,0,1,2,0,0,0,10,0,0
claseem01,Emmanuel Clase,2019,TEX,21,0,0,0,0,0,0,0,0,0,0,0,0,0
claudal01,Alex Claudio,2019,MIL,83,0,0,0,0,0,0,0,0,0,0,0,0,0
clevimi01,Mike Clevinger,2019,CLE,21,2,0,0,0,0,0,0,0,0,0,1,0,0
clippty01,Tyler Clippard,2019,CLE,53,0,0,0,0,0,0,0,0,0,0,0,0,0
cobbal01,Alex Cobb,2019,BAL,3,0,0,0,0,0,0,0,0,0,0,0,0,0
coleaj01,A. J. Cole,2019,CLE,25,0,0,0,0,0,0,0,0,0,0,0,0,0
colege01,Gerrit Cole,2019,HOU,33,7,0,0,0,0,0,0,0,0,0,5,0,0
coleta01,Taylor Cole,2019,LAA,38,0,0,0,0,0,0,0,0,0,0,0,0,0
colliti01,Tim Collins,2019,CHN,9,0,0,0,0,0,0,0,0,0,0,0,0,0
colliza01,Zack Collins,2019,CHA,27,86,10,16,3,1,3,12,0,0,14,39,1,1
colomal01,Alex Colome,2019,CHA,62,0,0,0,0,0,0,0,0,0,0,0,0,0
colonch01,Christian Colon,2019,CIN,8,6,1,3,0,0,0,1,0,0,0,0,0,2
confomi01,Michael Conforto,2019,NYN,151,549,90,141,29,1,33,92,7,2,84,149,5,10
conlead01,Adam Conley,2019,MIA,60,1,0,0,0,0,0,0,0,0,0,0,0,0
contrwi01,Willson Contreras,2019,CHN,105,360,57,98,18,2,24,64,1,2,38,102,2,9
coonrsa01,Sam Coonrod,2019,SFN,33,0,0,0,0,0,0,0,0,0,0,0,0,0
coopega03,Garrett Cooper,2019,MIA,107,381,52,107,16,1,15,50,0,0,33,110,0,5
corbipa01,Patrick Corbin,2019,WAS,33,65,3,6,1,0,0,4,0,0,3,27,0,0
cordefr02,Franchy Cordero,2019,SDN,9,15,2,5,1,0,0,1,1,0,4,7,0,0
cordeji01,Jimmy Cordero,4038,TOR+CHA,31,0,0,0,0,0,0,0,0,0,0,0,0,0
cordery01,Ryan Cordell,2019,CHA,97,217,22,48,8,0,7,24,3,1,19,69,0,3
correca01,Carlos Correa,2019,HOU,75,280,42,78,16,1,21,59,1,0,35,75,0,2
cortene01,Nestor Cortes,2019,NYA,33,0,0,0,0,0,0,0,0,0,0,0,0,0
courtry01,Ryan Court,2019,SEA,12,24,1,5,1,0,1,5,0,0,1,11,0,0
coveydy01,Dylan Covey,2019,CHA,18,2,0,0,0,0,0,0,0,0,0,1,0,0
cowarka01,Kaleb Cowart,2019,LAA,9,25,1,4,3,0,0,1,1,0,1,7,0,0
cozarza01,Zack Cozart,2019,LAA,38,97,4,12,2,0,0,7,0,0,5,16,0,2
cozendy01,Dylan Cozens,2019,PHI,1,1,0,0,0,0,0,0,0,0,0,0,0,0
crawfbr01,Brandon Crawford,2019,SFN,147,500,58,114,24,2,11,59,3,2,53,117,5,3
crawfjp01,J. P. Crawford,2019,SEA,93,345,43,78,21,4,7,46,5,3,43,83,0,2
crichst01,Stefan Crichton,2019,ARI,28,0,0,0,0,0,0,0,0,0,0,0,0,0
crickky01,Kyle Crick,2019,PIT,52,0,0,0,0,0,0,0,0,0,0,0,0,0
croncj01,C. J. Cron,2019,MIN,125,458,51,116,24,0,25,78,0,0,29,107,3,10
cronke01,Kevin Cron,2019,ARI,39,71,12,15,4,0,6,16,0,1,4,28,0,2
cruzne02,Nelson Cruz,2019,MIN,120,454,81,141,26,0,41,108,0,1,56,131,8,7
cuetojo01,Johnny Cueto,2019,SFN,4,4,0,0,0,0,0,0,0,0,0,3,0,0
cuevano01,Noel Cuevas,2019,COL,1,2,0,0,0,0,0,0,0,0,0,0,0,0
culbech01,Charlie Culberson,2019,ATL,108,135,14,35,5,2,5,20,0,1,6,44,0,1
curtijo02,John Curtiss,2019,LAA,1,0,0,0,0,0,0,0,0,0,0,0,0,0
cuthbch01,Cheslor Cuthbert,2019,KCA,87,309,24,76,14,0,9,40,1,0,19,67,1,2
dahlda01,David Dahl,2019,COL,100,374,67,113,28,5,15,61,4,4,28,110,0,4
darnatr01,Travis d'Arnaud,6057,NYN+LAN+TBA,103,351,52,88,16,0,16,69,0,1,32,85,0,2
darviyu01,Yu Darvish,2019,CHN,31,56,1,5,0,0,0,3,0,0,2,31,0,0
davieza01,Zach Davies,2019,MIL,35,52,3,8,2,0,0,3,0,0,1,25,0,0
davisau01,Austin Davis,2019,PHI,14,0,0,0,0,0,0,0,0,0,0,0,0,0
davisch02,Chris Davis,2019,BAL,105,307,26,55,9,0,12,36,0,0,39,139,1,3
davisja03,Jaylin Davis,2019,SFN,17,42,2,7,0,0,1,3,1,2,3,11,0,2
davisjd01,J. D. Davis,2019,NYN,140,410,65,126,22,1,22,57,3,0,38,97,2,3
davisjo05,Jonathan Davis,2019,TOR,37,83,8,15,1,0,2,6,3,1,5,24,0,5
davisjo06,Johnny Davis,2019,TBA,8,4,5,1,0,1,0,0,0,0,0,2,0,0
daviskh01,Khris Davis,2019,OAK,133,481,61,106,11,0,23,73,0,0,47,146,3,3
davisra01,Rajai Davis,2019,NYN,29,25,4,5,2,0,1,8,0,1,1,5,0,0
davisro03,Rookie Davis,2019,PIT,5,1,0,0,0,0,0,0,0,0,0,0,0,0
davista01,Taylor Davis,2019,CHN,7,18,2,3,0,0,1,4,0,0,2,4,0,0
daviswa01,Wade Davis,2019,COL,50,0,0,0,0,0,0,0,0,0,0,0,0,0
daytogr01,Grant Dayton,2019,ATL,14,0,0,0,0,0,0,0,0,0,0,0,0,0
dazayo01,Yonathan Daza,2019,COL,44,97,7,20,1,1,0,3,1,0,7,21,0,0
deanau01,Austin Dean,2019,MIA,64,178,17,40,14,0,6,21,0,2,9,47,1,0
degroja01,Jacob deGrom,2019,NYN,33,65,4,13,2,0,2,6,0,0,4,19,0,0
dejonch01,Chase De Jong,2019,MIN,1,0,0,0,0,0,0,0,0,0,0,0,0,0
dejonpa01,Paul DeJong,2019,SLN,159,583,97,136,31,1,30,78,9,5,62,149,1,13
deleojo03,Jose De Leon,2019,TBA,3,0,0,0,0,0,0,0,0,0,0,0,0,0
delmoni01,Nick Delmonico,2019,CHA,21,63,6,13,2,0,1,6,0,1,4,25,0,1
delosen01,Enyel De Los Santos,2019,PHI,5,1,0,0,0,0,0,0,0,0,0,1,0,0
delpomi01,Miguel Del Pozo,2019,LAA,17,0,0,0,0,0,0,0,0,0,0,0,0,0
demertr01,Travis Demeritte,2019,DET,48,169,24,38,7,2,3,10,3,0,14,63,0,1
descada01,Daniel Descalso,2019,CHN,82,168,20,29,5,1,2,15,2,1,23,57,0,0
desclan01,Anthony DeSclafani,2019,CIN,31,55,0,6,0,0,0,1,0,0,0,28,0,0
deshide02,Delino DeShields,2019,TEX,118,357,42,89,15,4,4,32,24,6,38,100,0,3
desmoia01,Ian Desmond,2019,COL,140,443,64,113,31,4,20,65,3,3,34,119,1,2
despaod01,Odrisamer Despaigne,2019,CHA,3,0,0,0,0,0,0,0,0,0,0,0,0,0
detwiro01,Ross Detwiler,2019,CHA,18,2,0,0,0,0,0,0,0,0,0,1,0,0
devench02,Chris Devenski,2019,HOU,61,0,0,0,0,0,0,0,0,0,0,0,0,0
deverra01,Rafael Devers,2019,BOS,156,647,129,201,54,4,32,115,8,8,48,119,7,4
diazal02,Aledmys Diaz,2019,HOU,69,210,36,57,12,1,9,40,2,0,26,28,1,5
diazed04,Edwin Diaz,2019,NYN,66,0,0,0,0,0,0,0,0,0,0,0,0,0
diazel01,Elias Diaz,2019,PIT,101,303,31,73,14,0,2,28,0,0,23,56,0,2
diazis01,Isan Diaz,2019,MIA,49,179,17,31,5,2,5,23,0,3,19,59,0,2
diazja01,Jairo Diaz,2019,COL,56,0,0,0,0,0,0,0,0,0,0,0,0,0
diazmi02,Miguel Diaz,2019,SDN,5,1,0,0,0,0,0,0,0,0,0,1,0,0
diazya01,Yandy Diaz,2019,TBA,79,307,53,82,20,1,14,38,2,2,35,61,1,1
diazye01,Yennsy Diaz,2019,TOR,1,0,0,0,0,0,0,0,0,0,0,0,0,0
dickeal01,Alex Dickerson,4038,SDN+SFN,68,174,29,48,13,3,6,28,1,1,13,42,1,2
dickeco01,Corey Dickerson,4038,PIT+PHI,78,260,33,79,28,2,12,59,1,0,16,56,4,0
diehlph01,Phillip Diehl,2019,COL,10,0,0,0,0,0,0,0,0,0,0,0,0,0
diekmja01,Jake Diekman,4038,KCA+OAK,76,0,0,0,0,0,0,0,0,0,0,0,0,0
dietrde01,Derek Dietrich,2019,CIN,113,251,41,47,8,2,19,43,1,1,28,74,2,25
difowi01,Wilmer Difo,2019,WAS,43,131,15,33,2,0,2,8,0,1,12,29,3,0
dinini01,Nick Dini,2019,KCA,20,56,11,11,3,0,2,6,0,0,4,18,0,2
dixonbr01,Brandon Dixon,2019,DET,118,391,41,97,20,4,15,52,5,1,21,136,0,4
dobnara01,Randy Dobnak,2019,MIN,9,0,0,0,0,0,0,0,0,0,0,0,0,0
dominse01,Seranthony Dominguez,2019,PHI,27,1,0,0,0,0,0,0,0,0,0,1,0,0
donaljo02,Josh Donaldson,2019,ATL,155,549,96,142,33,0,37,94,4,2,100,155,2,8
doolise01,Sean Doolittle,2019,WAS,63,3,0,0,0,0,0,0,0,0,0,2,0,0
dowdyky01,Kyle Dowdy,2019,TEX,13,0,0,0,0,0,0,0,0,0,0,0,0,0
doziebr01,Brian Dozier,2019,WAS,135,416,54,99,20,0,20,50,3,4,61,105,2,4
doziehu01,Hunter Dozier,2019,KCA,139,523,75,146,29,10,26,84,2,2,55,148,2,3
drakeol01,Oliver Drake,2019,TBA,50,1,0,1,0,0,0,1,0,0,0,0,0,0
drurybr01,Brandon Drury,2019,TOR,120,418,43,91,21,1,15,41,0,1,25,113,0,1
dubonma01,Mauricio Dubon,4038,MIL+SFN,30,106,12,29,5,0,4,9,3,1,5,20,0,0
dudalu01,Lucas Duda,2019,KCA,39,105,7,18,4,0,4,15,0,0,11,32,1,1
duffety01,Tyler Duffey,2019,MIN,58,0,0,0,0,0,0,0,0,0,0,0,0,0
duffyda01,Danny Duffy,2019,KCA,23,4,0,1,0,0,0,0,0,0,0,2,0,0
duffyma01,Matt Duffy,2019,TBA,46,147,12,37,8,0,1,12,0,1,19,29,0,2
duggast01,Steven Duggar,2019,SFN,73,261,26,61,12,2,4,28,1,4,16,78,0,1
duggero01,Robert Dugger,2019,MIA,7,11,0,0,0,0,0,0,0,0,0,6,0,0
dukeza01,Zach Duke,2019,CIN,30,0,0,0,0,0,0,0,0,0,0,0,0,0
dullry01,Ryan Dull,6057,OAK+NYA+TOR,11,0,0,0,0,0,0,0,0,0,0,0,0,0
dunnju01,Justin Dunn,2019,SEA,4,1,0,0,0,0,0,0,0,0,0,1,0,0
dunnmi01,Mike Dunn,2019,COL,28,0,0,0,0,0,0,0,0,0,0,0,0,0
duplajo01,Jon Duplantier,2019,ARI,15,8,1,1,0,0,0,0,0,0,0,5,0,0
durapmo01,Montana DuRapau,2019,PIT,14,4,0,1,0,0,0,0,0,0,0,2,0,0
duvalad01,Adam Duvall,2019,ATL,41,120,17,32,4,1,10,19,0,0,7,39,0,2
dysonja01,Jarrod Dyson,2019,ARI,130,400,65,92,11,2,7,27,30,4,47,86,0,2
dysonsa01,Sam Dyson,4038,SFN+MIN,61,0,0,0,0,0,0,0,0,0,0,0,0,0
eadesry01,Ryan Eades,4038,MIN+BAL,8,0,0,0,0,0,0,0,0,0,0,0,0,0
eatonad02,Adam Eaton,2019,WAS,151,566,103,158,25,7,15,49,15,3,65,106,0,13
edmanto01,Tommy Edman,2019,SLN,92,326,59,99,17,7,11,36,15,1,16,61,0,7
edwarca01,Carl Edwards,4038,CHN+SDN,22,0,0,0,0,0,0,0,0,0,0,0,0,0
edwarjo02,Jon Edwards,2019,CLE,9,0,0,0,0,0,0,0,0,0,0,0,0,0
eflinza01,Zach Eflin,2019,PHI,32,50,3,8,1,0,0,2,0,0,0,27,0,0
eickhje01,Jerad Eickhoff,2019,PHI,12,14,0,0,0,0,0,0,0,0,1,7,0,0
eliasro01,Roenis Elias,4038,SEA+WAS,48,1,0,0,0,0,0,0,0,0,0,0,0,0
ellisch01,Chris Ellis,2019,KCA,1,0,0,0,0,0,0,0,0,0,0,0,0,0
elmorja01,Jake Elmore,2019,PIT,20,47,3,10,1,0,0,4,0,1,2,8,0,0
encared01,Edwin Encarnacion,4038,SEA+NYA,109,418,81,102,18,0,34,86,0,1,58,103,1,7
engelad01,Adam Engel,2019,CHA,89,227,26,55,10,2,6,26,3,3,14,78,0,6
eovalna01,Nathan Eovaldi,2019,BOS,23,2,0,0,0,0,0,0,0,0,0,1,0,0
erlinro01,Robbie Erlin,2019,SDN,37,4,0,0,0,0,0,0,0,0,0,0,0,0
ervinph01,Phil Ervin,2019,CIN,94,236,30,64,11,7,7,23,4,3,18,63,0,4
escobed01,Eduardo Escobar,2019,ARI,158,636,94,171,29,10,35,118,5,1,50,130,3,3
escoblu01,Luis Escobar,2019,PIT,4,2,0,0,0,0,0,0,0,0,0,1,0,0
eshelto01,Thomas Eshelman,2019,BAL,10,2,0,0,0,0,0,0,0,0,0,0,0,0
estevca01,Carlos Estevez,2019,COL,71,0,0,0,0,0,0,0,0,0,0,0,0,0
estrama01,Marco Estrada,2019,OAK,5,0,0,0,0,0,0,0,0,0,0,0,0,0
estrath01,Thairo Estrada,2019,NYA,35,64,12,16,3,0,3,12,4,0,3,15,0,1
fairbpe01,Pete Fairbanks,4038,TEX+TBA,21,0,0,0,0,0,0,0,0,0,0,0,0,0
familje01,Jeurys Familia,2019,NYN,66,0,0,0,0,0,0,0,0,0,0,0,0,0
fariaja01,Jake Faria,4038,TBA+MIL,16,0,0,0,0,0,0,0,0,0,0,0,0,0
farmebu01,Buck Farmer,2019,DET,73,0,0,0,0,0,0,0,0,0,0,0,0,0
farmeky01,Kyle Farmer,2019,CIN,97,183,22,42,6,0,9,27,4,1,10,59,1,3
farrelu01,Luke Farrell,2019,TEX,9,0,0,0,0,0,0,0,0,0,0,0,0,0
feddeer01,Erick Fedde,2019,WAS,21,15,1,2,0,0,0,0,0,0,0,6,0,0
federti01,Tim Federowicz,2019,TEX,29,75,6,12,2,0,4,7,1,0,5,31,0,0
feierry01,Ryan Feierabend,2019,TOR,2,0,0,0,0,0,0,0,0,0,0,0,0,0
felizmi01,Michael Feliz,2019,PIT,58,0,0,0,0,0,0,0,0,0,0,0,0,0
ferguca01,Caleb Ferguson,2019,LAN,46,2,1,1,1,0,0,0,0,0,0,0,0,0
fernajo04,Jose Fernandez,2019,DET,4,0,0,0,0,0,0,0,0,0,0,0,0,0
fernaju01,Junior Fernandez,2019,SLN,13,0,0,0,0,0,0,0,0,0,0,0,0,0
festama01,Matt Festa,2019,SEA,20,0,0,0,0,0,0,0,0,0,0,0,0,0
fiersmi01,Mike Fiers,2019,OAK,33,0,0,0,0,0,0,0,0,0,0,0,0,0
fillmhe01,Heath Fillmyer,2019,KCA,12,0,0,0,0,0,0,0,0,0,0,0,0,0
fishede01,Derek Fisher,4038,HOU+TOR,57,146,23,27,4,1,7,17,5,1,21,57,0,0
flaheja01,Jack Flaherty,2019,SLN,38,54,4,10,3,0,0,4,1,1,2,17,0,0
flahery01,Ryan Flaherty,2019,CLE,14,21,4,3,2,0,0,1,0,0,0,7,0,0
fletcda02,David Fletcher,2019,LAA,154,596,83,173,30,4,6,49,8,3,55,64,2,0
flexech01,Chris Flexen,2019,NYN,9,2,0,1,0,0,0,0,0,0,0,0,0,0
florewi01,Wilmer Flores,2019,ARI,89,265,31,84,18,0,9,37,0,0,15,31,0,4
florody01,Dylan Floro,2019,LAN,50,2,0,0,0,0,0,0,0,0,0,1,0,0
flowety01,Tyler Flowers,2019,ATL,85,271,36,62,11,3,11,34,0,0,31,105,3,6
flynnbr01,Brian Flynn,2019,KCA,11,0,0,0,0,0,0,0,0,0,0,0,0,0
foltymi01,Mike Foltynewicz,2019,ATL,21,35,1,2,0,0,0,1,0,0,0,19,0,0
fontwi01,Wilmer Font,6057,TBA+NYN+TOR,48,3,0,1,0,0,0,0,0,0,0,2,0,0
fordmi01,Mike Ford,2019,NYA,50,143,30,37,7,0,12,25,0,0,17,28,2,3
forsylo01,Logan Forsythe,2019,TEX,101,317,38,72,17,1,7,39,2,0,44,100,0,3
fowlede01,Dexter Fowler,2019,SLN,150,487,69,116,24,1,19,67,8,5,74,142,1,8
fraleja01,Jake Fraley,2019,SEA,12,40,3,6,2,0,0,1,0,0,0,14,0,1
francen01,Enderson Franco,2019,SFN,5,0,0,0,0,0,0,0,0,0,0,0,0,0
francma02,Maikel Franco,2019,PHI,123,389,48,91,17,0,17,56,0,0,36,61,19,0
francty01,Ty France,2019,SDN,69,184,20,43,8,1,7,24,0,2,9,49,0,7
frareca01,Caleb Frare,2019,CHA,5,0,0,0,0,0,0,0,0,0,0,0,0,0
fraziad01,Adam Frazier,2019,PIT,152,554,80,154,33,7,10,50,5,5,40,75,4,9
frazicl01,Clint Frazier,2019,NYA,69,225,31,60,14,0,12,38,1,2,16,70,1,2
frazito01,Todd Frazier,2019,NYN,133,447,63,112,19,2,21,67,1,2,40,106,1,12
freelky01,Kyle Freeland,2019,COL,22,23,1,2,0,0,0,0,0,0,3,15,0,0
freemfr01,Freddie Freeman,2019,ATL,158,597,113,176,34,2,38,121,6,3,87,127,11,6
freemmi01,Mike Freeman,2019,CLE,75,177,27,49,8,0,4,24,1,2,22,61,0,4
freemsa01,Sam Freeman,2019,LAA,1,0,0,0,0,0,0,0,0,0,0,0,0,0
freesda01,David Freese,2019,LAN,79,162,35,51,13,0,11,29,0,0,23,44,0,1
freitda01,David Freitas,4038,SEA+MIL,17,15,2,1,0,0,0,1,0,0,4,5,0,0
friedma01,Max Fried,2019,ATL,40,56,11,11,4,0,0,4,0,0,5,16,0,0
fryja01,Jace Fry,2019,CHA,68,0,0,0,0,0,0,0,0,0,0,0,0,0
frypa01,Paul Fry,2019,BAL,66,0,0,0,0,0,0,0,0,0,0,0,0,0
fuentjo01,Josh Fuentes,2019,COL,24,55,8,12,1,0,3,7,1,0,1,20,0,0
fulmeca01,Carson Fulmer,2019,CHA,20,1,0,0,0,0,0,0,0,0,0,0,0,0
gagnodr01,Drew Gagnon,2019,NYN,18,3,0,1,0,0,0,0,0,0,0,0,0,0
galero01,Rocky Gale,2019,LAN,5,15,1,2,0,0,0,0,0,0,0,7,0,0
gallaca01,Cam Gallagher,2019,KCA,45,126,14,30,7,0,3,12,0,1,11,28,0,3
gallegi01,Giovanny Gallegos,2019,SLN,66,2,0,0,0,0,0,0,0,0,0,1,0,0
galleza01,Zac Gallen,4038,MIA+ARI,15,19,2,2,0,0,0,1,0,0,0,8,0,0
gallois01,Isaac Galloway,2019,MIA,19,54,6,9,1,0,0,1,2,0,0,17,0,0
gallojo01,Joey Gallo,2019,TEX,70,241,54,61,15,1,22,49,4,2,52,114,4,2
galvifr01,Freddy Galvis,4038,TOR+CIN,147,557,67,145,28,1,23,70,4,2,28,145,1,1
gamelbe01,Ben Gamel,2019,MIL,134,311,47,77,18,0,7,33,2,2,40,104,2,3
gantjo01,John Gant,2019,SLN,64,3,0,0,0,0,0,0,0,0,0,2,0,0
garciar01,Aramis Garcia,2019,SFN,18,42,5,6,1,0,2,5,0,0,4,21,1,0
garciav01,Avisail Garcia,2019,TBA,125,489,61,138,25,2,20,72,10,4,31,125,2,7
garcibr01,Bryan Garcia,2019,DET,7,0,0,0,0,0,0,0,0,0,0,0,0,0
garcied01,Edgar Garcia,2019,PHI,37,0,0,0,0,0,0,0,0,0,0,0,0,0
garcigr01,Greg Garcia,2019,SDN,134,311,52,77,13,4,4,31,0,2,53,83,1,5
garcija04,Jarlin Garcia,2019,MIA,53,1,0,0,0,0,0,0,0,0,0,1,0,0
garcile02,Leury Garcia,2019,CHA,140,577,93,161,27,3,8,40,15,5,21,139,0,6
garcilu03,Luis Garcia,2019,LAA,64,0,0,0,0,0,0,0,0,0,0,0,0,0
garciri01,Rico Garcia,2019,COL,2,1,0,0,0,0,0,0,0,0,0,1,0,0
garciro02,Robel Garcia,2019,CHN,31,72,8,15,2,2,5,11,0,0,7,35,0,0
garciyi01,Yimi Garcia,2019,LAN,64,2,0,0,0,0,0,0,0,0,0,1,0,0
gardnbr01,Brett Gardner,2019,NYA,141,491,86,123,26,7,28,74,10,2,52,108,0,4
garliky01,Kyle Garlick,2019,LAN,30,48,8,12,4,0,3,6,0,0,5,19,1,0
garnedu01,Dustin Garneau,4038,LAA+OAK,35,86,14,21,5,0,3,14,0,0,10,22,0,4
garream01,Amir Garrett,2019,CIN,69,0,0,0,0,0,0,0,0,0,0,0,0,0
garrere01,Reed Garrett,2019,DET,13,0,0,0,0,0,0,0,0,0,0,0,0,0
gartory01,Ryan Garton,2019,SEA,2,0,0,0,0,0,0,0,0,0,0,0,0,0
garvemi01,Mitch Garver,2019,MIN,93,311,70,85,16,1,31,67,0,0,41,87,0,5
gausmke01,Kevin Gausman,4038,ATL+CIN,31,27,1,1,0,0,0,0,0,0,0,18,0,0
gavigsa01,Sam Gaviglio,2019,TOR,52,0,0,0,0,0,0,0,0,0,0,0,0,0
gearrco01,Cory Gearrin,4038,SEA+NYA,66,0,0,0,0,0,0,0,0,0,0,0,0,0
gennesc01,Scooter Gennett,4038,CIN+SFN,42,133,15,30,7,0,2,11,0,0,2,41,0,2
gerbemi01,Mike Gerber,2019,SFN,12,24,0,1,1,0,0,0,0,0,2,15,0,0
germado01,Domingo German,2019,NYA,27,8,0,0,0,0,0,0,0,0,0,7,0,0
gibauia01,Ian Gibaut,4038,TBA+TEX,10,0,0,0,0,0,0,0,0,0,0,0,0,0
gibsoky01,Kyle Gibson,2019,MIN,34,1,0,0,0,0,0,0,0,0,1,1,0,0
gileske01,Ken Giles,2019,TOR,53,0,0,0,0,0,0,0,0,0,0,0,0,0
gilmase01,Sean Gilmartin,2019,BAL,1,0,0,0,0,0,0,0,0,0,0,0,0,0
ginkeke01,Kevin Ginkel,2019,ARI,25,0,0,0,0,0,0,0,0,0,0,0,0,0
giolilu01,Lucas Giolito,2019,CHA,29,4,0,1,0,0,0,2,0,0,0,3,0,0
givenmy01,Mychal Givens,2019,BAL,58,0,0,0,0,0,0,0,0,0,0,0,0,0
glasnty01,Tyler Glasnow,2019,TBA,12,2,0,0,0,0,0,0,0,0,0,1,0,0
godleza01,Zack Godley,4038,ARI+TOR,33,19,3,3,0,0,0,2,0,0,3,10,0,0
goinsry01,Ryan Goins,2019,CHA,52,144,13,36,6,1,2,10,0,1,17,44,1,1
goldspa01,Paul Goldschmidt,2019,SLN,161,597,97,155,25,1,34,97,3,1,78,166,2,2
gomesya01,Yan Gomes,2019,WAS,97,314,36,70,16,0,12,43,2,0,38,84,6,5
gomezca01,Carlos Gomez,2019,NYN,34,86,10,17,3,0,3,10,4,1,7,30,0,3
gomezje01,Jeanmar Gomez,2019,TEX,16,0,0,0,0,0,0,0,0,0,0,0,0,0
gonsoto01,Tony Gonsolin,2019,LAN,11,13,2,4,0,0,0,1,0,0,0,4,0,0
gonzaca01,Carlos Gonzalez,4038,CLE+CHN,45,145,21,29,3,0,3,10,0,3,18,52,1,1
gonzach01,Chi Chi Gonzalez,2019,COL,14,24,0,1,0,0,0,2,0,0,0,15,0,0
gonzaer01,Erik Gonzalez,2019,PIT,53,142,15,36,4,1,1,6,4,1,9,37,3,1
gonzagi01,Gio Gonzalez,2019,MIL,19,25,1,1,0,0,0,0,0,0,1,17,0,0
gonzama01,Marwin Gonzalez,2019,MIN,114,425,52,112,19,0,15,55,1,0,31,98,2,6
gonzama02,Marco Gonzales,2019,SEA,34,5,1,1,1,0,0,0,0,0,0,4,0,0
goodrni01,Niko Goodrum,2019,DET,112,423,61,105,27,5,12,45,12,3,46,138,1,1
goodwbr01,Brian Goodwin,2019,LAA,136,413,65,108,29,3,17,47,7,3,38,129,2,3
goodyni01,Nick Goody,2019,CLE,39,0,0,0,0,0,0,0,0,0,0,0,0,0
gordoal01,Alex Gordon,2019,KCA,150,556,77,148,31,1,13,76,5,3,51,100,4,19
gordode01,Dee Strange-Gordon,2019,SEA,117,393,36,108,12,6,3,34,22,5,18,61,1,1
gorete01,Terrance Gore,2019,KCA,37,51,13,14,2,1,0,1,13,5,6,18,0,1
gosseph01,Philip Gosselin,2019,PHI,44,65,5,17,3,0,0,7,0,0,3,16,0,0
gotttr01,Trevor Gott,2019,SFN,50,1,0,0,0,0,0,0,0,0,0,0,0,0
gourryu01,Yuli Gurriel,2019,HOU,144,564,85,168,40,2,31,104,5,3,37,65,2,5
gracema02,Matt Grace,2019,WAS,51,3,0,0,0,0,0,0,0,0,0,3,0,0
grandcu01,Curtis Granderson,2019,MIA,138,317,44,58,17,1,12,34,0,3,41,98,1,3
grandya01,Yasmani Grandal,2019,MIL,153,513,79,126,26,2,28,77,5,1,109,139,2,5
gratebr01,Brusdar Graterol,2019,MIN,10,0,0,0,0,0,0,0,0,0,0,0,0,0
grateju01,Juan Graterol,2019,CIN,6,18,1,4,0,0,0,1,0,0,0,4,0,0
grayjo02,Jon Gray,2019,COL,27,47,1,3,0,0,0,1,0,0,3,22,0,0
grayso01,Sonny Gray,2019,CIN,34,46,3,7,0,1,0,3,0,0,2,19,0,0
greench03,Chad Green,2019,NYA,54,1,0,0,0,0,0,0,0,0,0,1,0,0
greensh02,Shane Greene,4038,DET+ATL,65,0,0,0,0,0,0,0,0,0,0,0,0,0
greenza01,Zach Green,2019,SFN,8,14,1,2,1,0,0,1,0,0,2,6,0,0
gregelu01,Luke Gregerson,2019,SLN,6,0,0,0,0,0,0,0,0,0,0,0,0,0
gregodi01,Didi Gregorius,2019,NYA,82,324,47,77,14,2,16,61,2,1,17,53,1,1
greingr01,Grayson Greiner,2019,DET,58,208,18,42,5,1,5,19,0,0,13,70,0,1
greinza01,Zack Greinke,4038,ARI+HOU,36,50,7,14,4,1,3,8,1,1,2,12,0,0
grichra01,Randal Grichuk,2019,TOR,151,586,75,136,29,5,31,80,2,1,35,163,0,5
grishtr01,Trent Grisham,2019,MIL,51,156,24,36,6,2,6,24,1,0,20,48,0,4
grossro01,Robbie Grossman,2019,OAK,138,420,57,101,21,3,6,38,9,4,59,86,2,1
grotzza01,Zac Grotz,2019,SEA,14,0,0,0,0,0,0,0,0,0,0,0,0,0
grullde01,Deivy Grullon,2019,PHI,4,9,0,1,1,0,0,1,0,0,0,2,0,0
gsellro01,Robert Gsellman,2019,NYN,52,0,0,0,0,0,0,0,0,0,1,0,0,0
guduare01,Reymin Guduan,2019,HOU,7,0,0,0,0,0,0,0,0,0,0,0,0,0
guerrde01,Deolis Guerra,2019,MIL,1,0,0,0,0,0,0,0,0,0,0,0,0,0
guerrja01,Javy Guerra,4038,TOR+WAS,51,3,0,0,0,0,0,0,0,0,0,2,0,0
guerrja02,Javy Guerra,2019,SDN,8,0,0,0,0,0,0,0,0,0,0,0,0,0
guerrju02,Junior Guerra,2019,MIL,72,3,0,1,0,0,0,0,0,0,0,2,0,0
guerrta01,Tayron Guerrero,2019,MIA,52,0,0,0,0,0,0,0,0,0,0,0,0,0
guerrta02,Taylor Guerrieri,2019,TEX,20,0,0,0,0,0,0,0,0,0,0,0,0,0
guerrvl02,Vladimir Guerrero,2019,TOR,123,464,52,126,26,2,15,69,0,1,46,91,0,2
guilbta01,Taylor Guilbeau,2019,SEA,17,0,0,0,0,0,0,0,0,0,0,0,0,0
guilllu01,Luis Guillorme,2019,NYN,45,61,8,15,4,0,1,3,0,0,7,14,0,0
gurrilo01,Lourdes Gurriel,2019,TOR,84,314,52,87,19,2,20,50,6,4,20,86,0,5
gustaja01,Jandel Gustave,2019,SFN,23,1,0,0,0,0,0,0,0,0,0,1,0,0
gutieke01,Kelvin Gutierrez,2019,KCA,20,73,4,19,2,1,1,11,1,0,5,24,0,0
guzmaro01,Ronald Guzman,2019,TEX,87,256,34,56,20,0,10,36,1,2,32,87,1,3
gyorkje01,Jedd Gyorko,4038,SLN+LAN,62,92,6,16,1,0,2,9,2,0,9,24,0,0
haaseer01,Eric Haase,2019,CLE,10,16,1,1,0,0,1,3,0,0,1,8,0,0
haderjo01,Josh Hader,2019,MIL,61,2,0,0,0,0,0,0,0,0,0,1,0,0
haggesa01,Sam Haggerty,2019,NYN,11,4,2,0,0,0,0,0,0,0,0,3,0,0
hahnje01,Jesse Hahn,2019,KCA,6,0,0,0,0,0,0,0,0,0,0,0,0,0
haleda02,David Hale,2019,NYA,20,0,0,0,0,0,0,0,0,0,0,0,0,0
hallma02,Matt Hall,2019,DET,16,0,0,0,0,0,0,0,0,0,0,0,0,0
hamelco01,Cole Hamels,2019,CHN,27,42,1,6,1,0,0,4,0,0,1,15,0,1
hamilbi02,Billy Hamilton,4038,KCA+ATL,119,316,41,69,14,2,0,15,22,6,32,87,1,0
hammejd01,J. D. Hammer,2019,PHI,20,1,0,0,0,0,0,0,0,0,0,0,0,0
hampsga01,Garrett Hampson,2019,COL,105,299,40,74,9,4,8,27,15,3,24,88,1,0
handbr01,Brad Hand,2019,CLE,60,0,0,0,0,0,0,0,0,0,0,0,0,0
hanigmi01,Mitch Haniger,2019,SEA,63,246,46,54,13,1,15,32,4,0,30,81,1,5
hansoal01,Alen Hanson,2019,TOR,18,43,5,7,0,0,0,4,1,0,3,17,1,1
happia01,Ian Happ,2019,CHN,58,140,25,37,7,1,11,30,2,0,15,39,0,0
happja01,J. A. Happ,2019,NYA,32,3,1,0,0,0,0,0,0,0,0,0,0,0
hardybl01,Blaine Hardy,2019,DET,39,0,0,0,0,0,0,0,0,0,0,0,0,0
harpebr03,Bryce Harper,2019,PHI,157,573,98,149,36,1,35,114,15,3,99,178,11,6
harpery01,Ryne Harper,2019,MIN,61,0,0,0,0,0,0,0,0,0,0,0,0,0
harrijo05,Josh Harrison,2019,DET,36,137,10,24,7,1,1,8,4,2,6,27,0,2
harriwi02,Will Harris,2019,HOU,68,0,0,0,0,0,0,0,0,0,0,0,0,0
hartdo01,Donnie Hart,4038,MIL+NYN,5,2,0,0,0,0,0,0,0,0,0,1,0,0
hartlge01,Geoff Hartlieb,2019,PIT,29,0,0,0,0,0,0,0,0,0,0,0,0,0
harvehu01,Hunter Harvey,2019,BAL,7,0,0,0,0,0,0,0,0,0,0,0,0,0
harvejo01,Joe Harvey,4038,NYA+COL,18,0,0,0,0,0,0,0,0,0,0,0,0,0
harvema01,Matt Harvey,2019,LAA,12,0,0,0,0,0,0,0,0,0,0,0,0,0
haselad01,Adam Haseley,2019,PHI,67,222,30,59,14,0,5,26,4,0,14,60,1,5
haysau01,Austin Hays,2019,BAL,21,68,12,21,6,0,4,13,2,0,7,13,0,0
healyry01,Ryon Healy,2019,SEA,47,169,24,40,16,0,7,26,0,0,13,40,0,1
heanean01,Andrew Heaney,2019,LAA,18,0,0,0,0,0,0,0,0,0,0,0,0,0
hearnta01,Taylor Hearn,2019,TEX,1,0,0,0,0,0,0,0,0,0,0,0,0,0
hechaad01,Adeiny Hechavarria,4038,NYN+ATL,84,203,34,49,12,1,9,33,3,1,14,48,0,3
hedgeau01,Austin Hedges,2019,SDN,102,312,28,55,9,0,11,36,1,0,27,109,3,5
heinesc01,Scott Heineman,2019,TEX,25,75,8,16,6,0,2,7,1,2,9,20,0,1
heinety01,Tyler Heineman,2019,MIA,5,11,1,3,1,0,1,2,0,0,0,4,0,0
hellebe01,Ben Heller,2019,NYA,6,0,0,0,0,0,0,0,0,0,0,0,0,0
hellije01,Jeremy Hellickson,2019,WAS,9,9,3,1,0,0,0,0,0,0,2,4,0,0
helslry01,Ryan Helsley,2019,SLN,24,3,0,1,0,0,0,0,0,0,0,2,0,0
hembrhe01,Heath Hembree,2019,BOS,45,0,0,0,0,0,0,0,0,0,0,0,0,0
hendrky01,Kyle Hendricks,2019,CHN,31,54,1,8,1,0,0,5,0,0,2,29,0,1
hendrli01,Liam Hendriks,2019,OAK,75,0,0,0,0,0,0,0,0,0,0,0,0,0
heredgu01,Guillermo Heredia,2019,TBA,89,204,31,46,13,0,5,20,2,2,18,60,0,6
hergeji01,Jimmy Herget,2019,CIN,5,0,0,0,0,0,0,0,0,0,0,0,0,0
hermomi01,Michael Hermosillo,2019,LAA,18,36,7,5,1,1,0,3,2,0,5,19,0,4
hernace02,Cesar Hernandez,2019,PHI,161,612,77,171,31,3,14,71,9,2,45,100,4,6
hernada01,David Hernandez,2019,CIN,47,0,0,0,0,0,0,0,0,0,0,0,0,0
hernada02,Darwinzon Hernandez,2019,BOS,29,0,0,0,0,0,0,0,0,0,0,0,0,0
hernael01,Elieser Hernandez,2019,MIA,21,19,0,1,0,0,0,0,0,0,1,10,0,0
hernaen02,Enrique Hernandez,2019,LAN,130,414,57,98,19,1,17,64,4,0,36,97,3,6
hernafe02,Felix Hernandez,2019,SEA,15,3,0,0,0,0,0,0,0,0,0,2,0,0
hernago01,Gorkys Hernandez,2019,BOS,20,49,5,7,1,2,0,2,1,0,5,14,0,0
hernajo02,Jonathan Hernandez,2019,TEX,9,0,0,0,0,0,0,0,0,0,0,0,0,0
hernama02,Marco Hernandez,2019,BOS,61,148,18,37,7,0,2,11,1,2,3,42,0,3
hernate01,Teoscar Hernandez,2019,TOR,125,417,58,96,19,2,26,65,6,3,45,153,1,1
herreke01,Kelvin Herrera,2019,CHA,57,0,0,0,0,0,0,0,0,0,0,0,0,0
herreod01,Odubel Herrera,2019,PHI,39,126,12,28,10,1,1,16,2,2,11,33,0,1
herrero02,Rosell Herrera,2019,MIA,63,105,10,21,6,0,2,11,4,1,11,27,1,2
herrmch01,Chris Herrmann,2019,OAK,30,84,9,17,3,0,1,8,0,0,9,29,0,0
hessda01,David Hess,2019,BAL,23,3,0,0,0,0,0,0,0,0,0,1,0,0
heywaja01,Jason Heyward,2019,CHN,147,513,78,129,20,4,21,62,8,3,68,110,5,5
hicksaa01,Aaron Hicks,2019,NYA,59,221,41,52,10,0,12,36,1,2,31,72,0,0
hicksjo02,John Hicks,2019,DET,95,319,29,67,15,0,13,35,1,1,13,109,0,0
hicksjo03,Jordan Hicks,2019,SLN,29,0,0,0,0,0,0,0,0,0,0,0,0,0
higasky01,Kyle Higashioka,2019,NYA,18,56,8,12,5,0,3,11,0,0,0,26,0,0
hildetr01,Trevor Hildenberger,2019,MIN,22,0,0,0,0,0,0,0,0,0,0,0,0,0
hillisa01,Sam Hilliard,2019,COL,27,77,13,21,4,2,7,13,2,0,9,23,0,1
hillri01,Rich Hill,2019,LAN,13,18,0,3,1,0,0,1,0,0,1,9,0,0
hillti01,Tim Hill,2019,KCA,46,0,0,0,0,0,0,0,0,0,0,0,0,0
hiranyo01,Yoshihisa Hirano,2019,ARI,62,0,0,0,0,0,0,0,0,0,0,0,0,0
hiurake01,Keston Hiura,2019,MIL,84,314,51,95,23,2,19,49,9,3,25,107,1,8
hoernni01,Nico Hoerner,2019,CHN,20,78,13,22,1,1,3,17,0,0,3,11,1,0
hoffmje02,Jeff Hoffman,2019,COL,18,21,2,5,0,0,0,1,0,0,0,9,0,0
holadbr01,Bryan Holaday,2019,MIA,43,115,12,32,6,0,4,12,0,1,11,21,2,1
holdejo02,Jonathan Holder,2019,NYA,34,0,0,0,0,0,0,0,0,0,0,0,0,0
hollade01,Derek Holland,4038,SFN+CHN,53,14,0,1,0,0,0,0,0,0,1,10,0,0
hollagr01,Greg Holland,2019,ARI,40,0,0,0,0,0,0,0,0,0,0,0,0,0
holmecl01,Clay Holmes,2019,PIT,35,5,0,0,0,0,0,0,0,0,0,4,0,0
holtbr01,Brock Holt,2019,BOS,87,259,38,77,14,2,3,31,1,0,28,57,1,4
hoskirh01,Rhys Hoskins,2019,PHI,160,570,86,129,33,5,29,85,2,2,116,173,6,11
hosmeer01,Eric Hosmer,2019,SDN,160,619,72,164,29,2,22,99,0,3,40,163,3,3
housead01,Adrian Houser,2019,MIL,35,22,0,1,1,0,0,0,0,0,2,17,0,0
howarsa01,Sam Howard,2019,COL,20,1,0,0,0,0,0,0,0,0,0,1,0,0
hoytja01,James Hoyt,2019,CLE,8,0,0,0,0,0,0,0,0,0,0,0,0,0
huangwe01,Wei-Chieh Huang,2019,TEX,4,0,0,0,0,0,0,0,0,0,0,0,0,0
hudsoda01,Daniel Hudson,4038,TOR+WAS,69,0,0,0,0,0,0,0,0,0,0,0,0,0
hudsoda02,Dakota Hudson,2019,SLN,33,51,1,4,0,0,0,2,0,0,0,24,0,1
hudsojo03,Joe Hudson,2019,SLN,1,1,0,0,0,0,0,0,0,0,0,1,0,0
hugheja02,Jared Hughes,4038,CIN+PHI,72,2,0,0,0,0,0,0,0,0,0,1,0,0
hultzda01,Danny Hultzen,2019,CHN,6,0,0,0,0,0,0,0,0,0,0,0,0,0
hundlni01,Nick Hundley,2019,OAK,31,70,5,14,3,1,2,5,0,1,2,18,0,1
hunteto02,Tommy Hunter,2019,PHI,5,0,0,0,0,0,0,0,0,0,0,0,0,0
iannech01,Chris Iannetta,2019,COL,52,144,20,32,10,0,6,21,0,0,18,54,3,1
iglesjo01,Jose Iglesias,2019,CIN,146,504,62,145,21,3,11,59,6,6,20,70,3,3
iglesra01,Raisel Iglesias,2019,CIN,68,2,0,0,0,0,0,0,0,0,0,1,0,0
inciaen01,Ender Inciarte,2019,ATL,65,199,30,49,11,2,5,24,7,1,26,41,2,4
irvinco01,Cole Irvin,2019,PHI,16,6,1,1,0,0,0,0,0,0,2,2,0,0
jacksal02,Alex Jackson,2019,ATL,4,13,0,0,0,0,0,0,0,0,1,5,1,1
jacksdr01,Drew Jackson,2019,BAL,3,3,0,0,0,0,0,0,0,0,1,1,0,0
jacksed01,Edwin Jackson,4038,TOR+DET,18,3,0,0,0,0,0,0,0,0,0,2,0,0
jacksja01,Jay Jackson,2019,MIL,28,2,0,0,0,0,0,0,0,0,0,2,0,0
jackslu01,Luke Jackson,2019,ATL,71,0,0,0,0,0,0,0,0,0,0,0,0,0
jamesjo02,Josh James,2019,HOU,49,0,0,0,0,0,0,0,0,0,0,0,0,0
jankotr01,Travis Jankowski,2019,SDN,25,22,4,4,0,0,0,0,2,2,2,4,0,0
janseda01,Danny Jansen,2019,TOR,107,347,41,72,12,1,13,43,0,1,31,79,1,4
janseke01,Kenley Jansen,2019,LAN,62,1,0,0,0,0,0,0,0,0,0,1,0,0
jayjo02,Jon Jay,2019,CHA,47,165,12,44,8,0,0,9,0,0,8,30,0,3
jeffrje01,Jeremy Jeffress,2019,MIL,48,1,0,0,0,0,0,0,0,0,0,1,0,0
jennida01,Dan Jennings,2019,WAS,8,0,0,0,0,0,0,0,0,0,0,0,0,0
jerezwi01,Williams Jerez,4038,SFN+PIT,12,0,0,0,0,0,0,0,0,0,0,0,0,0
jewelja01,Jake Jewell,2019,LAA,18,0,0,0,0,0,0,0,0,0,0,0,0,0
jimened01,Eduardo Jimenez,2019,DET,8,0,0,0,0,0,0,0,0,0,0,0,0,0
jimenel02,Eloy Jimenez,2019,CHA,122,468,69,125,18,2,31,79,0,0,30,134,0,4
jimenjo02,Joe Jimenez,2019,DET,66,0,0,0,0,0,0,0,0,0,0,0,0,0
joeco01,Connor Joe,2019,SFN,8,15,1,1,0,0,0,0,0,0,1,5,0,0
johnsbr02,Brian Johnson,2019,BOS,22,1,1,0,0,0,0,0,0,0,0,1,0,0
johnsdj01,DJ Johnson,2019,COL,28,0,0,0,0,0,0,0,0,0,0,0,0,0
jonesad01,Adam Jones,2019,ARI,137,485,66,126,25,1,16,67,2,1,31,101,2,8
jonesja07,JaCoby Jones,2019,DET,88,298,39,70,19,3,11,26,7,2,27,94,2,6
jonesna01,Nate Jones,2019,CHA,13,0,0,0,0,0,0,0,0,0,0,0,0,0
josepca01,Caleb Joseph,2019,ARI,20,38,5,8,2,0,0,3,0,0,1,10,0,1
josepco01,Corban Joseph,6057,OAK+SFN+PIT,28,64,5,10,3,0,1,7,0,0,3,12,0,0
joycema01,Matthew Joyce,2019,ATL,129,200,32,59,10,0,7,23,0,0,38,45,0,0
judgeaa01,Aaron Judge,2019,NYA,102,378,75,103,18,1,27,55,3,2,64,141,4,3
junisja01,Jakob Junis,2019,KCA,31,2,0,0,0,0,0,0,0,0,0,0,0,0
juradar01,Ariel Jurado,2019,TEX,32,1,0,0,0,0,0,0,0,0,0,1,0,0
kahnlto01,Tommy Kahnle,2019,NYA,72,0,0,0,0,0,0,0,0,0,0,0,0,0
kangju01,Jung Ho Kang,2019,PIT,65,172,15,29,7,1,10,24,0,0,11,60,0,1
karinja01,James Karinchak,2019,CLE,5,0,0,0,0,0,0,0,0,0,0,0,0,0
karnsna01,Nate Karns,2019,BAL,4,0,0,0,0,0,0,0,0,0,0,0,0,0
kayan01,Anthony Kay,2019,TOR,3,0,0,0,0,0,0,0,0,0,0,0,0,0
kelake01,Keone Kela,2019,PIT,32,0,0,0,0,0,0,0,0,0,0,0,0,0
kellebr01,Brad Keller,2019,KCA,28,8,0,1,0,0,0,1,0,0,1,5,0,0
kelleky01,Kyle Keller,2019,MIA,10,0,0,0,0,0,0,0,0,0,0,0,0,0
kellemi03,Mitch Keller,2019,PIT,11,10,0,0,0,0,0,0,0,0,0,3,0,0
kellesh01,Shawn Kelley,2019,TEX,51,0,0,0,0,0,0,0,0,0,0,0,0,0
kelletr01,Trevor Kelley,2019,BOS,10,0,0,0,0,0,0,0,0,0,0,0,0,0
kellyca02,Carson Kelly,2019,ARI,111,314,46,77,19,0,18,47,0,0,48,79,10,2
kellyjo05,Joe Kelly,2019,LAN,55,2,0,0,0,0,0,0,0,0,0,2,0,0
kellyme01,Merrill Kelly,2019,ARI,32,52,3,1,0,0,0,2,0,0,2,25,0,0
kempma01,Matt Kemp,2019,CIN,20,60,4,12,2,0,1,5,0,0,1,19,0,0
kempto01,Tony Kemp,4038,HOU+CHN,110,245,31,52,9,4,8,29,4,4,23,47,1,6
kendrho01,Howie Kendrick,2019,WAS,121,334,61,115,23,1,17,62,2,1,27,49,1,4
kenneia01,Ian Kennedy,2019,KCA,63,0,0,0,0,0,0,0,0,0,0,0,0,0
keplema01,Max Kepler,2019,MIN,134,524,98,132,32,0,36,90,1,5,60,99,0,8
kershcl01,Clayton Kershaw,2019,LAN,29,49,1,5,1,0,0,1,0,0,1,16,0,0
keuchda01,Dallas Keuchel,2019,ATL,19,38,0,5,1,0,0,2,0,0,1,28,0,0
kieboca01,Carter Kieboom,2019,WAS,11,39,4,5,0,0,2,2,0,0,4,16,1,0
kiermke01,Kevin Kiermaier,2019,TBA,129,447,60,102,20,7,14,55,19,5,26,104,2,5
kikucyu01,Yusei Kikuchi,2019,SEA,32,1,0,0,0,0,0,0,0,0,0,1,0,0
kimbrcr01,Craig Kimbrel,2019,CHN,23,0,0,0,0,0,0,0,0,0,0,0,0,0
kineris01,Isiah Kiner-Falefa,2019,TEX,65,202,23,48,12,1,1,21,3,0,14,49,0,4
kingesc01,Scott Kingery,2019,PHI,126,458,64,118,34,4,19,55,15,4,34,147,1,5
kinghni01,Nick Kingham,4038,PIT+TOR,25,6,0,0,0,0,0,0,0,0,2,4,0,0
kingmi01,Mike King,2019,NYA,1,0,0,0,0,0,0,0,0,0,0,0,0,0
kinlety01,Tyler Kinley,2019,MIA,52,1,0,0,0,0,0,0,0,0,0,1,0,0
kinslia01,Ian Kinsler,2019,SDN,87,258,28,56,12,0,9,22,2,4,19,54,0,3
kintzbr01,Brandon Kintzler,2019,CHN,62,0,0,0,0,0,0,0,0,0,0,0,0,0
kipnija01,Jason Kipnis,2019,CLE,121,458,52,112,23,1,17,65,7,2,40,88,2,2
kittran01,Andrew Kittredge,2019,TBA,37,0,0,0,0,0,0,0,0,0,0,0,0,0
klinebr01,Branden Kline,2019,BAL,34,0,0,0,0,0,0,0,0,0,0,0,0,0
klubeco01,Corey Kluber,2019,CLE,7,1,0,0,0,0,0,0,0,0,0,1,0,0
knappan01,Andrew Knapp,2019,PHI,74,136,12,29,9,0,2,8,0,0,18,51,2,3
kniznan01,Andrew Knizner,2019,SLN,18,53,7,12,2,0,2,7,2,0,4,14,0,1
kochma01,Matt Koch,2019,ARI,9,6,0,0,0,0,0,0,0,0,0,5,0,0
kolarad01,Adam Kolarek,4038,TBA+LAN,81,0,0,0,0,0,0,0,0,0,0,0,0,0
krameke01,Kevin Kramer,2019,PIT,22,42,5,7,1,0,0,5,0,1,6,17,0,0
kratzer01,Erik Kratz,4038,SFN+TBA,21,49,1,5,2,0,1,3,0,0,2,14,0,2
kuhnejo01,Joel Kuhnel,2019,CIN,11,1,0,0,0,0,0,0,0,0,0,0,0,0
lagarju01,Juan Lagares,2019,NYN,133,258,38,55,12,1,5,27,4,1,22,75,4,2
lailbr01,Brady Lail,2019,NYA,1,0,0,0,0,0,0,0,0,0,0,0,0,0
lakintr01,Travis Lakins,2019,BOS,16,0,0,0,0,0,0,0,0,0,0,0,0,0
lamarry01,Ryan LaMarre,2019,MIN,14,23,3,5,0,0,2,3,1,1,3,5,0,0
lambepe01,Peter Lambert,2019,COL,22,28,3,9,0,0,0,2,0,0,3,10,0,0
lambja01,Jake Lamb,2019,ARI,78,187,26,36,8,2,6,30,1,0,32,55,1,5
lametdi01,Dinelson Lamet,2019,SDN,14,21,1,3,0,0,0,0,0,0,0,11,0,0
lasteto01,Tommy La Stella,2019,LAA,80,292,49,86,8,0,16,44,0,0,20,28,0,3
lauerer01,Eric Lauer,2019,SDN,30,40,1,4,2,0,0,0,0,0,1,23,0,0
laurera01,Ramon Laureano,2019,OAK,123,434,79,125,29,0,24,67,13,2,27,123,0,11
lavarry01,Ryan Lavarnway,2019,CIN,5,18,4,5,2,0,2,7,0,0,1,5,0,0
lawde01,Derek Law,2019,TOR,58,0,0,0,0,0,0,0,0,0,0,0,0,0
leakemi01,Mike Leake,4038,SEA+ARI,32,21,0,1,0,0,0,1,0,0,1,11,0,0
leblawa01,Wade LeBlanc,2019,SEA,26,0,0,0,0,0,0,0,0,0,1,0,0,0
leclejo01,Jose Leclerc,2019,TEX,70,0,0,0,0,0,0,0,0,0,0,0,0,0
lemahdj01,DJ LeMahieu,2019,NYA,145,602,109,197,33,2,26,102,5,2,46,90,0,2
leonedo01,Dominic Leone,2019,SLN,40,0,0,0,0,0,0,0,0,0,0,0,0,0
leonsa01,Sandy Leon,2019,BOS,65,172,14,33,3,0,5,19,0,0,13,47,0,1
lestejo01,Jon Lester,2019,CHN,32,48,6,9,2,0,1,6,0,0,5,20,0,0
lewisky01,Kyle Lewis,2019,SEA,18,71,10,19,5,0,6,13,0,0,3,29,0,0
leybado01,Domingo Leyba,2019,ARI,21,25,6,7,2,1,0,5,0,0,4,9,0,0
lindofr01,Francisco Lindor,2019,CLE,143,598,101,170,40,2,32,74,22,5,46,98,9,3
lintz01,Tzu-Wei Lin,2019,BOS,13,20,3,4,2,0,0,1,1,1,2,6,0,0
liriafr01,Francisco Liriano,2019,PIT,69,1,0,1,0,0,0,0,0,0,1,0,0,0
litteza01,Zack Littell,2019,MIN,29,0,0,0,0,0,0,0,0,0,0,0,0,0
livelbe01,Ben Lively,2019,KCA,1,0,0,0,0,0,0,0,0,0,0,0,0,0
loaisjo01,Jonathan Loaisiga,2019,NYA,15,0,0,0,0,0,0,0,0,0,0,0,0,0
locasti01,Tim Locastro,2019,ARI,91,212,38,53,12,2,1,17,17,0,14,44,0,22
lockean01,Walker Lockett,2019,NYN,9,6,0,1,0,0,0,0,0,0,1,4,0,0
longoev01,Evan Longoria,2019,SFN,129,453,59,115,19,2,20,69,3,1,43,112,1,7
longsh01,Shed Long,2019,SEA,42,152,21,40,12,1,5,15,3,3,16,40,0,0
lopesti01,Tim Lopes,2019,SEA,41,111,11,30,7,0,1,12,6,3,15,29,0,1
lopezjo02,Jorge Lopez,2019,KCA,39,1,0,0,0,0,0,0,0,0,0,0,0,0
lopezni01,Nicky Lopez,2019,KCA,103,379,44,91,22,2,2,30,1,1,18,51,0,1
lopezpa01,Pablo Lopez,2019,MIA,22,35,1,6,2,0,0,3,0,0,0,19,0,0
lopezre01,Reynaldo Lopez,2019,CHA,33,4,0,0,0,0,0,0,0,0,0,3,0,0
lopezyo01,Yoan Lopez,2019,ARI,70,0,0,0,0,0,0,0,0,0,0,0,0,0
lorenmi01,Michael Lorenzen,2019,CIN,105,48,6,10,2,0,1,6,5,2,5,17,0,0
loupaa01,Aaron Loup,2019,SDN,4,0,0,0,0,0,0,0,0,0,0,0,0,0
lovelri01,Richard Lovelady,2019,KCA,25,0,0,0,0,0,0,0,0,0,0,0,0,0
lowebr01,Brandon Lowe,2019,TBA,82,296,42,80,17,2,17,51,5,0,25,113,0,5
lowena01,Nate Lowe,2019,TBA,50,152,24,40,8,0,7,19,0,0,13,50,0,2
lowrije01,Jed Lowrie,2019,NYN,9,7,0,0,0,0,0,0,0,0,1,4,0,0
lucasjo02,Josh Lucas,2019,BAL,9,0,0,0,0,0,0,0,0,0,0,0,0,0
lucchjo01,Joey Lucchesi,2019,SDN,30,48,0,3,0,0,0,1,0,0,1,36,0,0
luciael01,Elvis Luciano,2019,TOR,25,1,0,0,0,0,0,0,0,0,0,1,0,0
lucrojo01,Jonathan Lucroy,4038,LAA+CHN,101,293,30,68,10,1,8,36,0,0,27,51,1,5
lugoda01,Dawel Lugo,2019,DET,77,273,28,67,11,4,6,26,0,0,8,59,1,3
lugose01,Seth Lugo,2019,NYN,61,1,0,1,0,0,0,1,0,0,0,0,0,0
luplojo01,Jordan Luplow,2019,CLE,85,225,42,62,15,1,15,38,3,2,33,61,0,2
luxga01,Gavin Lux,2019,LAN,23,75,12,18,4,1,2,9,2,0,7,24,0,0
luzarje01,Jesus Luzardo,2019,OAK,6,0,0,0,0,0,0,0,0,0,0,0,0,0
lylesjo01,Jordan Lyles,4038,PIT+MIL,28,45,3,4,0,0,0,4,0,0,1,28,0,1
lynnla01,Lance Lynn,2019,TEX,33,2,0,0,0,0,0,0,0,0,0,2,0,0
lyonsty01,Tyler Lyons,4038,PIT+NYA,14,1,0,0,0,0,0,0,0,0,0,0,0,0
machama01,Manny Machado,2019,SDN,156,587,81,150,21,2,32,85,5,3,65,128,3,6
maedake01,Kenta Maeda,2019,LAN,41,48,3,12,2,0,0,6,0,0,0,13,0,0
magilma01,Matt Magill,4038,MIN+SEA,50,0,0,0,0,0,0,0,0,0,0,0,0,0
mahlety01,Tyler Mahle,2019,CIN,27,34,4,3,1,0,0,0,0,0,1,19,0,0
mahtomi01,Mikie Mahtook,2019,DET,9,23,0,0,0,0,0,0,0,0,2,11,0,0
mailelu01,Luke Maile,2019,TOR,45,119,9,18,2,1,2,9,1,0,8,33,0,0
maldoma01,Martin Maldonado,6057,KCA+CHN+HOU,105,333,46,71,19,0,12,27,0,0,32,86,1,6
manaese01,Sean Manaea,2019,OAK,5,0,0,0,0,0,0,0,0,0,0,0,0,0
mancitr01,Trey Mancini,2019,BAL,154,602,106,175,38,2,35,97,1,0,63,143,3,9
mantijo01,Joe Mantiply,2019,NYA,1,0,0,0,0,0,0,0,0,0,0,0,0,0
mapledi01,Dillon Maples,2019,CHN,14,0,0,0,0,0,0,0,0,0,0,0,0,0
margeni01,Nick Margevicius,2019,SDN,17,15,1,3,0,0,0,0,0,0,0,7,0,0
margoma01,Manuel Margot,2019,SDN,151,398,59,93,19,3,12,37,20,4,38,88,1,2
marisja01,Jake Marisnick,2019,HOU,120,292,46,68,16,3,10,34,10,3,17,95,0,6
markani01,Nick Markakis,2019,ATL,116,414,61,118,25,2,9,62,2,0,47,59,1,2
markepa01,Parker Markel,4038,SEA+PIT,20,3,0,0,0,0,0,0,0,0,0,1,0,0
marquge01,German Marquez,2019,COL,29,48,5,11,4,1,0,11,0,0,0,14,0,0
marrede01,Deven Marrero,2019,MIA,5,5,0,0,0,0,0,0,0,0,0,3,0,0
marshev01,Evan Marshall,2019,CHA,55,0,0,0,0,0,0,0,0,0,0,0,0,0
marteke01,Ketel Marte,2019,ARI,144,569,97,187,36,9,32,92,10,2,53,86,2,4
martest01,Starling Marte,2019,PIT,132,539,97,159,31,6,23,82,25,6,25,94,1,16
martibr01,Brett Martin,2019,TEX,51,0,0,0,0,0,0,0,0,0,0,0,0,0
martica04,Carlos Martinez,2019,SLN,48,1,0,0,0,0,0,0,0,0,0,1,0,0
martich02,Chris Martin,4038,TEX+ATL,58,0,0,0,0,0,0,0,0,0,0,0,0,0
martico02,Corbin Martin,2019,HOU,5,0,0,0,0,0,0,0,0,0,0,0,0,0
martija03,Jason Martin,2019,PIT,20,36,5,9,2,0,0,2,2,0,4,10,0,0
martijd02,J. D. Martinez,2019,BOS,146,575,98,175,33,2,36,105,2,0,72,138,9,4
martijo08,Jose Martinez,2019,SLN,128,334,45,90,13,2,10,42,3,0,35,82,0,2
martile01,Leonys Martin,2019,CLE,65,236,32,47,7,0,9,19,4,5,21,78,0,4
martini02,Nick Martini,4038,OAK+SDN,32,93,8,21,4,1,1,7,0,0,14,26,0,1
martiri01,Richie Martin,2019,BAL,120,283,29,59,8,3,6,23,10,1,14,83,0,6
martiru01,Russell Martin,2019,LAN,83,209,29,46,5,0,6,20,1,0,30,60,3,8
marveja01,James Marvel,2019,PIT,4,4,0,0,0,0,0,0,0,0,0,2,0,0
mathije01,Jeff Mathis,2019,TEX,88,228,17,36,9,0,2,12,1,0,15,87,1,0
matonph01,Phil Maton,4038,SDN+CLE,30,4,0,1,0,0,0,1,0,0,0,2,0,0
matzst01,Steven Matz,2019,NYN,36,57,4,13,0,0,1,1,0,0,0,17,0,0
maybica01,Cameron Maybin,2019,NYA,82,239,48,68,17,0,11,32,9,6,30,72,0,0
maydu01,Dustin May,2019,LAN,14,11,0,1,0,0,0,0,0,0,0,4,0,0
mayermi01,Mike Mayers,2019,SLN,16,1,0,0,0,0,0,0,0,0,0,1,0,0
mayfija01,Jack Mayfield,2019,HOU,26,64,8,10,5,0,2,5,0,0,1,16,0,0
maytr01,Trevor May,2019,MIN,65,0,0,0,0,0,0,0,0,0,0,0,0,0
mayzati01,Tim Mayza,2019,TOR,68,0,0,0,0,0,0,0,0,0,0,0,0,0
mazarno01,Nomar Mazara,2019,TEX,116,429,69,115,27,1,19,66,4,1,28,108,2,6
mazzach01,Chris Mazza,2019,NYN,9,3,0,0,0,0,0,0,0,0,0,1,0,0
mcbrory01,Ryan McBroom,2019,KCA,23,75,8,22,5,0,0,6,0,0,7,25,0,1
mccanbr01,Brian McCann,2019,ATL,85,277,28,69,9,0,12,45,0,0,31,53,1,2
mccanja02,James McCann,2019,CHA,118,439,62,120,26,1,18,60,4,1,30,137,1,6
mccarke01,Kevin McCarthy,2019,KCA,56,0,0,0,0,0,0,0,0,0,0,0,0,0
mcclare01,Reggie McClain,2019,SEA,14,0,0,0,0,0,0,0,0,0,0,0,0,0
mccutan01,Andrew McCutchen,2019,PHI,59,219,45,56,12,1,10,29,2,1,43,55,0,0
mcfartj01,T. J. McFarland,2019,ARI,51,3,0,0,0,0,0,0,0,0,0,3,0,0
mcgeeja01,Jake McGee,2019,COL,45,0,0,0,0,0,0,0,0,0,0,0,0,0
mcgowky01,Kyle McGowin,2019,WAS,7,3,1,1,0,0,0,0,0,0,0,0,0,0
mcguire01,Reese McGuire,2019,TOR,30,97,14,29,7,0,5,11,0,0,7,18,0,0
mchugco01,Collin McHugh,2019,HOU,35,0,0,0,0,0,0,0,0,0,0,0,0,0
mckaybr01,Brendan McKay,2019,TBA,18,10,2,2,0,0,1,1,0,0,1,2,0,0
mckayda02,David McKay,4038,SEA+DET,25,0,0,0,0,0,0,0,0,0,0,0,0,0
mckinbi01,Billy McKinney,2019,TOR,84,251,37,54,14,1,12,28,0,2,19,73,0,2
mcmahry01,Ryan McMahon,2019,COL,141,480,70,120,22,1,24,83,5,1,56,160,1,1
mcneije01,Jeff McNeil,2019,NYN,133,510,83,162,38,1,23,75,5,6,35,75,2,21
mcraeal01,Alex McRae,2019,PIT,11,6,0,2,0,0,0,0,0,0,0,3,0,0
meadoau01,Austin Meadows,2019,TBA,138,530,83,154,29,7,33,89,12,7,54,131,6,7
meansjo01,John Means,2019,BAL,31,1,0,1,0,0,0,0,0,0,1,0,0,0
mejiaad01,Adalberto Mejia,8076,MIN+LAA+SLN+LAA,35,0,0,0,0,0,0,0,0,0,0,0,0,0
mejiaer01,Erick Mejia,2019,KCA,9,22,3,5,1,0,0,4,0,0,4,7,0,0
mejiafr01,Francisco Mejia,2019,SDN,79,226,27,60,11,2,8,22,1,1,13,56,1,4
mejiase01,Seth Mejias-Brean,2019,SDN,14,30,3,7,2,0,2,5,0,0,3,9,0,0
melanma01,Mark Melancon,4038,SFN+ATL,66,0,0,0,0,0,0,0,0,0,0,0,0,0
mellake01,Keury Mella,2019,CIN,2,1,0,0,0,0,0,0,0,0,0,1,0,0
melviti01,Tim Melville,2019,COL,7,8,0,2,0,0,0,2,0,0,0,3,0,0
mendeyo01,Yohander Mendez,2019,TEX,3,0,0,0,0,0,0,0,0,0,0,0,0,0
mendida01,Danny Mendick,2019,CHA,16,39,6,12,0,0,2,4,0,0,1,11,0,0
menezco01,Conner Menez,2019,SFN,9,3,0,0,0,0,0,0,0,0,0,0,0,0
mengdda01,Daniel Mengden,2019,OAK,13,2,0,0,0,0,0,0,0,0,0,2,0,0
mercaos01,Oscar Mercado,2019,CLE,115,438,70,118,25,3,15,54,15,4,28,84,0,5
mercejo03,Jordy Mercer,2019,DET,74,256,24,69,16,0,9,22,0,0,13,57,1,2
merriwh01,Whit Merrifield,2019,KCA,162,681,105,206,41,10,16,74,20,10,45,126,5,5
middlke01,Keynan Middleton,2019,LAA,11,0,0,0,0,0,0,0,0,0,0,0,0,0
mikolmi01,Miles Mikolas,2019,SLN,32,59,1,8,1,0,0,2,0,0,0,27,0,0
mileywa01,Wade Miley,2019,HOU,33,4,1,0,0,0,0,0,0,0,1,1,0,0
millean01,Andrew Miller,2019,SLN,73,0,0,0,0,0,0,0,0,0,0,0,0,0
millebr02,Brad Miller,4038,CLE+PHI,79,154,26,40,6,1,13,25,2,0,15,45,0,1
milleia01,Ian Miller,2019,MIN,12,17,2,3,1,0,0,1,0,0,0,3,0,0
milleju02,Justin Miller,2019,WAS,17,0,0,0,0,0,0,0,0,0,0,0,0,0
millesh01,Shelby Miller,2019,TEX,19,1,0,0,0,0,0,0,0,0,2,1,0,0
millsal02,Alec Mills,2019,CHN,9,12,0,1,0,0,0,0,0,0,0,6,0,0
milneho01,Hoby Milner,2019,TBA,4,0,0,0,0,0,0,0,0,0,0,0,0,0
milonto01,Tommy Milone,2019,SEA,23,2,0,0,0,0,0,0,0,0,0,1,0,0
minayju01,Juan Minaya,2019,CHA,22,0,0,0,0,0,0,0,0,0,0,0,0,0
minormi01,Mike Minor,2019,TEX,33,9,0,0,0,0,0,0,0,0,0,6,0,0
minteaj01,A. J. Minter,2019,ATL,36,0,0,0,0,0,0,0,0,0,0,0,0,0
molinya01,Yadier Molina,2019,SLN,113,419,45,113,24,0,10,57,6,0,23,58,0,5
moncayo01,Yoan Moncada,2019,CHA,132,511,83,161,34,5,25,79,10,3,40,154,2,4
mondera02,Adalberto Mondesi,2019,KCA,102,415,58,109,20,10,9,62,43,7,19,132,0,0
montafr01,Frankie Montas,2019,OAK,16,1,0,0,0,0,0,0,0,0,1,0,0,0
montera01,Rafael Montero,2019,TEX,22,0,0,0,0,0,0,0,0,0,0,0,0,0
montgjo01,Jordan Montgomery,2019,NYA,2,0,0,0,0,0,0,0,0,0,0,0,0,0
montgmi01,Mike Montgomery,4038,CHN+KCA,33,6,0,1,0,0,0,0,0,0,0,3,0,0
moorean02,Andrew Moore,2019,SEA,1,0,0,0,0,0,0,0,0,0,0,0,0,0
mooredy01,Dylan Moore,2019,SEA,113,247,31,51,14,2,9,28,11,9,25,93,0,9
moorema02,Matt Moore,2019,DET,2,0,0,0,0,0,0,0,0,0,0,0,0,0
moralke01,Kendrys Morales,4038,OAK+NYA,53,170,16,33,2,1,2,12,0,0,26,26,0,4
moranbr01,Brian Moran,2019,MIA,10,0,0,0,0,0,0,0,0,0,0,0,0,0
moranco01,Colin Moran,2019,PIT,149,466,46,129,30,1,13,80,0,1,30,117,4,3
morejad01,Adrian Morejon,2019,SDN,5,1,0,0,0,0,0,0,0,0,0,1,0,0
morelmi01,Mitch Moreland,2019,BOS,91,298,48,75,17,1,19,58,1,0,34,74,0,1
morgaad01,Adam Morgan,2019,PHI,40,0,0,0,0,0,0,0,0,0,0,0,0,0
morinmi01,Mike Morin,4038,MIN+PHI,52,0,0,0,0,0,0,0,0,0,0,0,0,0
morofma01,Max Moroff,2019,CLE,20,32,3,4,1,0,1,4,1,0,2,16,0,0
moronre01,Reyes Moronta,2019,SFN,56,0,0,0,0,0,0,0,0,0,0,0,0,0
morrilo01,Logan Morrison,2019,PHI,29,35,5,7,1,0,2,3,0,0,3,10,0,0
mortoch02,Charlie Morton,2019,TBA,33,2,0,0,0,0,0,0,0,0,0,2,0,0
moustmi01,Mike Moustakas,2019,MIL,143,523,80,133,30,1,35,87,3,0,53,98,5,6
mullice01,Cedric Mullins,2019,BAL,22,64,7,6,0,2,0,4,1,0,4,14,0,3
muncyma01,Max Muncy,2019,LAN,141,487,101,122,22,1,35,98,4,1,90,149,1,8
munozan01,Andres Munoz,2019,SDN,22,0,0,0,0,0,0,0,0,0,0,0,0,0
munozya01,Yairo Munoz,2019,SLN,88,172,20,46,7,1,2,13,8,3,7,37,0,1
murphda08,Daniel Murphy,2019,COL,132,438,56,122,35,1,13,78,1,1,32,74,1,2
murphjr01,J. R. Murphy,4038,ARI+ATL,26,63,9,11,3,0,4,7,0,0,6,28,0,0
murphse01,Sean Murphy,2019,OAK,20,53,14,13,5,0,4,8,0,0,6,16,0,1
murphto04,Tom Murphy,2019,SEA,76,260,32,71,12,1,18,40,2,0,19,87,0,1
musgrha01,Harrison Musgrave,2019,COL,10,0,0,0,0,0,0,0,0,0,0,0,0,0
musgrjo01,Joe Musgrove,2019,PIT,46,51,8,8,2,1,0,3,0,0,2,19,0,0
myerswi01,Wil Myers,2019,SDN,155,435,58,104,22,1,18,53,16,7,51,168,0,2
naquity01,Tyler Naquin,2019,CLE,89,274,34,79,19,0,10,34,4,2,14,66,2,2
narvaom01,Omar Narvaez,2019,SEA,132,428,63,119,12,0,22,55,0,0,47,92,1,4
naylojo01,Josh Naylor,2019,SDN,94,253,29,63,15,0,8,32,1,1,25,64,1,0
negrokr01,Kristopher Negron,4038,SEA+LAN,40,77,12,19,1,0,2,8,1,1,5,26,1,0
nelsoji02,Jimmy Nelson,2019,MIL,10,3,0,0,0,0,0,0,0,0,0,3,0,0
nerishe01,Hector Neris,2019,PHI,68,1,0,0,0,0,0,0,0,0,0,1,0,0
neshepa01,Pat Neshek,2019,PHI,20,0,0,0,0,0,0,0,0,0,0,0,0,0
neusesh01,Sheldon Neuse,2019,OAK,25,56,3,14,3,0,0,7,0,0,4,19,0,0
neverdo01,Dovydas Neverauskas,2019,PIT,10,0,0,0,0,0,0,0,0,0,0,0,0,0
newbeja01,Jake Newberry,2019,KCA,27,0,0,0,0,0,0,0,0,0,0,0,0,0
newcose01,Sean Newcomb,2019,ATL,55,8,0,0,0,0,0,0,0,0,0,7,0,0
newmake01,Kevin Newman,2019,PIT,130,493,61,152,20,6,12,64,16,8,28,62,2,7
nicasju01,Juan Nicasio,2019,PHI,47,2,0,0,0,0,0,0,0,0,0,1,0,0
nidoto01,Tomas Nido,2019,NYN,50,136,9,26,5,0,4,14,0,0,7,37,2,0
nimmobr01,Brandon Nimmo,2019,NYN,69,199,34,44,11,1,8,29,3,0,46,71,2,5
noesihe01,Hector Noesi,2019,MIA,12,4,0,1,0,0,0,0,0,0,0,3,0,0
nogosst01,Stephen Nogosek,2019,NYN,7,0,0,0,0,0,0,0,0,0,0,0,0,0
nolaaa01,Aaron Nola,2019,PHI,34,59,6,7,2,0,0,2,0,0,6,35,0,0
nolaau01,Austin Nola,2019,SEA,79,238,37,64,12,1,10,31,1,0,23,63,1,4
nollja01,Jake Noll,2019,WAS,8,12,1,2,1,0,0,2,0,0,1,4,0,0
norrida01,Daniel Norris,2019,DET,33,6,1,1,0,0,0,0,0,0,0,3,0,0
norwoja01,James Norwood,2019,CHN,9,1,0,0,0,0,0,0,0,0,0,0,0,0
nottija01,Jacob Nottingham,2019,MIL,9,6,1,2,0,0,1,4,0,0,0,2,0,1
novaiv01,Ivan Nova,2019,CHA,34,5,0,0,0,0,0,0,0,0,0,4,0,0
nunezdo01,Dom Nunez,2019,COL,16,39,4,7,3,0,2,4,0,0,3,17,0,0
nunezed02,Eduardo Nunez,2019,BOS,60,167,13,38,7,0,2,20,5,1,4,27,0,0
nunezre01,Renato Nunez,2019,BAL,151,541,72,132,24,0,31,90,1,1,44,143,1,10
obergsc01,Scott Oberg,2019,COL,49,1,0,0,0,0,0,0,0,0,0,1,0,0
obriepe04,Peter O'Brien,2019,MIA,14,42,2,7,1,0,1,4,1,0,4,19,0,1
odayda01,Darren O'Day,2019,ATL,8,0,0,0,0,0,0,0,0,0,0,0,0,0
odorija01,Jake Odorizzi,2019,MIN,30,2,0,0,0,0,0,0,0,0,0,0,0,0
odorro01,Rougned Odor,2019,TEX,145,522,77,107,30,1,30,93,11,9,52,178,2,5
ogradbr01,Brian O'Grady,2019,CIN,28,42,4,8,2,1,2,3,0,0,4,17,0,2
ohearry01,Ryan O'Hearn,2019,KCA,105,328,32,64,13,1,14,38,0,1,39,99,1,1
ohse01,Seunghwan Oh,2019,COL,21,0,0,0,0,0,0,0,0,0,0,0,0,0
ohtansh01,Shohei Ohtani,2019,LAA,106,384,51,110,20,5,18,62,12,3,33,110,1,2
olsonma02,Matt Olson,2019,OAK,127,483,73,129,26,0,36,91,0,0,51,138,7,12
olsonty01,Tyler Olson,2019,CLE,39,0,0,0,0,0,0,0,0,0,0,0,0,0
oneilty01,Tyler O'Neill,2019,SLN,60,141,18,37,6,0,5,16,1,0,10,53,0,0
orourry01,Ryan O'Rourke,2019,NYN,2,0,0,0,0,0,0,0,0,0,0,0,0,0
ortegra01,Rafael Ortega,2019,ATL,34,88,7,18,3,0,2,10,3,0,8,22,0,0
ortizlu02,Luis Ortiz,2019,BAL,1,0,0,0,0,0,0,0,0,0,0,0,0,0
osichjo01,Josh Osich,2019,CHA,57,0,0,0,0,0,0,0,0,0,0,0,0,0
osunajo01,Jose Osuna,2019,PIT,95,261,41,69,20,0,10,36,0,0,18,48,0,1
osunaro01,Roberto Osuna,2019,HOU,66,0,0,0,0,0,0,0,0,0,0,0,0,0
oswalco01,Corey Oswalt,2019,NYN,2,1,0,0,0,0,0,1,0,0,0,1,0,0
oteroda01,Dan Otero,2019,CLE,25,0,0,0,0,0,0,0,0,0,0,0,0,0
ottavad01,Adam Ottavino,2019,NYA,73,0,0,0,0,0,0,0,0,0,0,0,0,0
owingch01,Chris Owings,4038,KCA+BOS,67,180,13,25,6,1,3,14,5,2,14,78,0,2
ozunama01,Marcell Ozuna,2019,SLN,130,485,80,117,23,1,29,89,12,2,62,114,2,1
paddach01,Chris Paddack,2019,SDN,26,42,3,5,0,0,0,2,0,0,0,19,0,0
paganem01,Emilio Pagan,2019,TBA,66,1,0,0,0,0,0,0,0,0,0,1,0,0
palkada01,Daniel Palka,2019,CHA,30,84,4,9,0,0,2,4,0,1,8,35,0,1
palumjo01,Joe Palumbo,2019,TEX,7,0,0,0,0,0,0,0,0,0,0,0,0,0
panikjo01,Joe Panik,4038,SFN+NYN,142,438,50,107,21,2,5,39,4,2,43,47,2,4
pannoth01,Thomas Pannone,2019,TOR,37,0,0,0,0,0,0,0,0,0,0,0,0,0
parkebl01,Blake Parker,4038,MIN+PHI,60,1,0,0,0,0,0,0,0,0,0,1,0,0
parkeja03,Jarrett Parker,2019,LAA,5,12,1,0,0,0,0,0,0,0,3,8,0,0
parrage01,Gerardo Parra,4038,SFN+WAS,119,274,38,64,14,1,9,48,8,3,19,59,3,5
parsowe01,Wes Parsons,4038,ATL+COL,32,2,0,0,0,0,0,0,0,0,1,2,0,0
paxtoja01,James Paxton,2019,NYA,29,5,0,0,0,0,0,1,0,0,0,5,0,0
payamjo01,Joel Payamps,2019,ARI,2,0,0,0,0,0,0,0,0,0,0,0,0,0
payanpe01,Pedro Payano,2019,TEX,6,1,0,0,0,0,0,0,0,0,0,1,0,0
pazosja01,James Pazos,2019,COL,12,0,0,0,0,0,0,0,0,0,0,0,0,0
peacobr01,Brad Peacock,2019,HOU,23,0,0,0,0,0,0,0,0,0,0,0,0,0
pearcst01,Steve Pearce,2019,BOS,29,89,9,16,4,0,1,9,0,0,7,31,0,1
pederjo01,Joc Pederson,2019,LAN,149,450,83,112,16,3,36,74,1,1,50,111,2,12
pedrodu01,Dustin Pedroia,2019,BOS,6,20,1,2,0,0,0,1,0,0,1,2,0,0
penafe01,Felix Pena,2019,LAA,23,2,0,0,0,0,0,0,0,0,0,0,0,0
pencehu01,Hunter Pence,2019,TEX,83,286,53,85,17,1,18,59,6,1,26,69,0,2
peralda01,David Peralta,2019,ARI,99,382,48,105,29,3,12,57,0,0,35,87,3,5
peralfr01,Freddy Peralta,2019,MIL,40,15,1,2,0,0,0,1,0,0,0,6,0,0
peralwa01,Wandy Peralta,4038,CIN+SFN,47,0,0,0,0,0,0,0,0,0,0,0,0,0
peralwi01,Wily Peralta,2019,KCA,42,0,0,0,0,0,0,0,0,0,0,0,0,0
perazjo01,Jose Peraza,2019,CIN,141,376,37,90,18,2,6,33,7,6,17,58,0,8
perdolu02,Luis Perdomo,2019,SDN,47,7,0,1,0,0,0,1,0,0,0,2,0,0
perezci01,Cionel Perez,2019,HOU,5,0,0,0,0,0,0,0,0,0,0,0,0,0
perezhe01,Hernan Perez,2019,MIL,91,232,29,53,11,0,8,18,5,1,11,66,0,0
perezma02,Martin Perez,2019,MIN,32,3,1,0,0,0,0,0,0,0,0,2,0,0
perezmi03,Michael Perez,2019,TBA,22,46,6,10,5,0,0,2,0,0,8,19,0,1
perezol01,Oliver Perez,2019,CLE,67,0,0,0,0,0,0,0,0,0,0,0,0,0
perezro02,Roberto Perez,2019,CLE,119,389,46,93,9,1,24,63,0,0,45,127,1,4
peterdi01,Dillon Peters,2019,LAA,17,0,0,0,0,0,0,0,0,0,0,0,0,0
peterdu01,Dustin Peterson,2019,DET,17,44,3,10,4,0,0,6,1,0,2,14,0,1
peterja01,Jace Peterson,2019,BAL,29,100,14,22,3,1,2,11,4,1,6,24,0,1
peterti01,Tim Peterson,2019,NYN,6,0,0,0,0,0,0,0,0,0,0,0,0,0
petityu01,Yusmeiro Petit,2019,OAK,80,1,0,0,0,0,0,0,0,0,0,0,0,0
petrija01,Jake Petricka,2019,MIL,6,0,0,0,0,0,0,0,0,0,0,0,0,0
phamth01,Tommy Pham,2019,TBA,145,567,77,155,33,2,21,68,25,4,81,123,4,5
phegljo01,Josh Phegley,2019,OAK,106,314,44,75,18,0,12,62,0,1,15,63,0,6
phelpda01,David Phelps,4038,TOR+CHN,41,0,0,0,0,0,0,0,0,0,0,0,0,0
phillbr02,Brett Phillips,2019,KCA,30,65,7,9,2,0,2,6,3,0,10,23,0,0
phillev01,Evan Phillips,2019,BAL,25,0,0,0,0,0,0,0,0,0,0,0,0,0
pillake01,Kevin Pillar,4038,TOR+SFN,161,611,83,158,37,3,21,88,14,5,18,89,4,9
pinama01,Manny Pina,2019,MIL,76,158,10,36,8,0,7,25,0,0,16,50,1,4
pindech01,Chad Pinder,2019,OAK,124,341,45,82,21,0,13,47,0,1,20,88,0,5
pinedmi01,Michael Pineda,2019,MIN,26,4,0,0,0,0,0,0,0,0,0,1,0,0
pintori01,Ricardo Pinto,2019,TBA,2,0,0,0,0,0,0,0,0,0,0,0,0,0
pireljo01,Jose Pirela,4038,SDN+PHI,14,22,1,4,1,0,1,2,0,0,2,7,0,0
piscost01,Stephen Piscotty,2019,OAK,93,357,46,89,17,1,13,44,2,0,29,84,0,3
pivetni01,Nick Pivetta,2019,PHI,30,25,1,2,0,0,0,0,0,0,1,19,0,0
plaweke01,Kevin Plawecki,2019,CLE,60,158,13,35,10,0,3,17,0,1,12,31,0,3
plesaza01,Zach Plesac,2019,CLE,21,0,0,0,0,0,0,0,0,0,0,0,0,0
plutkad01,Adam Plutko,2019,CLE,21,2,0,0,0,0,0,0,0,0,0,1,0,0
pocheco01,Colin Poche,2019,TBA,51,0,0,0,0,0,0,0,0,0,0,0,0,0
polangr01,Gregory Polanco,2019,PIT,42,153,23,37,8,1,6,17,3,1,12,49,1,1
polanjo01,Jorge Polanco,2019,MIN,153,631,107,186,40,7,22,79,4,3,60,116,2,4
polloaj01,AJ Pollock,2019,LAN,86,308,49,82,15,1,15,47,5,1,23,74,1,7
pomerdr01,Drew Pomeranz,4038,SFN+MIL,46,19,0,0,0,0,0,0,0,0,0,13,0,0
ponceda01,Daniel Ponce de Leon,2019,SLN,13,9,0,0,0,0,0,0,0,0,1,4,0,0
poppese01,Sean Poppen,2019,MIN,4,0,0,0,0,0,0,0,0,0,0,0,0,0
porceri01,Rick Porcello,2019,BOS,32,6,0,0,0,0,0,0,0,0,0,2,0,0
poseybu01,Buster Posey,2019,SFN,114,405,43,104,24,0,7,38,0,0,34,71,1,4
poundbr01,Brooks Pounders,2019,NYN,7,0,0,0,0,0,0,0,0,0,0,0,0,0
poynebo01,Bobby Poyner,2019,BOS,13,0,0,0,0,0,0,0,0,0,0,0,0,0
pradoma01,Martin Prado,2019,MIA,104,245,26,57,9,0,2,15,0,0,12,41,0,0
pressry01,Ryan Pressly,2019,HOU,55,0,0,0,0,0,0,0,0,0,0,0,0,0
priceda01,David Price,2019,BOS,22,2,0,1,0,0,0,1,0,0,0,1,0,0
profaju01,Jurickson Profar,2019,OAK,139,459,65,100,24,2,20,67,9,1,48,75,2,8
pruitau01,Austin Pruitt,2019,TBA,14,1,0,0,0,0,0,0,0,0,0,1,0,0
puellce01,Cesar Puello,4038,LAA+MIA,44,125,14,31,5,0,4,18,0,0,10,38,1,11
puigya01,Yasiel Puig,4038,CIN+CLE,149,555,76,148,30,2,24,84,19,7,44,133,1,8
pujolal01,Albert Pujols,2019,LAA,131,491,55,120,22,0,23,93,3,0,43,68,1,3
pukaj01,A. J. Puk,2019,OAK,10,0,0,0,0,0,0,0,0,0,0,0,0,0
quantca01,Cal Quantrill,2019,SDN,23,25,1,2,0,0,0,1,0,1,1,6,0,0
quijajo01,Jose Quijada,2019,MIA,34,1,0,0,0,0,0,0,0,0,0,1,0,0
quinnro01,Roman Quinn,2019,PHI,44,108,18,23,3,1,4,11,8,0,12,34,0,1
quintjo01,Jose Quintana,2019,CHN,32,54,2,5,1,0,0,3,0,0,0,27,0,0
raineta01,Tanner Rainey,2019,WAS,52,1,0,0,0,0,0,0,0,0,0,1,0,0
ramirer02,Erasmo Ramirez,2019,BOS,1,0,0,0,0,0,0,0,0,0,0,0,0,0
ramirha01,Hanley Ramirez,2019,CLE,16,49,4,9,1,0,2,8,0,0,8,17,0,0
ramirha02,Harold Ramirez,2019,MIA,119,421,54,116,20,3,11,50,2,1,18,91,1,5
ramirjc01,J. C. Ramirez,2019,LAA,5,0,0,0,0,0,0,0,0,0,0,0,0,0
ramirjo01,Jose Ramirez,2019,CLE,129,482,68,123,33,3,23,83,24,4,52,74,3,2
ramirne01,Neil Ramirez,4038,CLE+TOR,22,0,0,0,0,0,0,0,0,0,0,0,0,0
ramirni01,Nick Ramirez,2019,DET,46,1,0,0,0,0,0,0,0,0,0,1,0,0
ramirno01,Noe Ramirez,2019,LAA,51,0,0,0,0,0,0,0,0,0,0,0,0,0
ramirye01,Yefry Ramirez,4038,BAL+PIT,14,2,0,0,0,0,0,0,0,0,0,0,0,0
ramosed02,Edubray Ramos,2019,PHI,20,0,0,0,0,0,0,0,0,0,0,0,0,0
ramoswi01,Wilson Ramos,2019,NYN,141,473,52,136,19,0,14,73,1,0,44,69,5,4
ramsema01,Matt Ramsey,2019,LAA,1,0,0,0,0,0,0,0,0,0,0,0,0,0
ravelra01,Rangel Ravelo,2019,SLN,29,39,4,8,2,0,2,7,0,0,3,12,0,0
rayro02,Robbie Ray,2019,ARI,34,55,1,4,0,0,0,3,0,0,0,28,0,0
readra01,Raudy Read,2019,WAS,6,11,0,1,0,0,0,0,0,0,0,5,0,0
realmjt01,J. T. Realmuto,2019,PHI,145,538,92,148,36,3,25,83,9,1,41,123,2,5
reddijo01,Josh Reddick,2019,HOU,141,501,57,138,19,3,14,56,5,2,36,66,1,0
reedaj01,A. J. Reed,2019,CHA,14,44,1,6,0,0,1,4,0,0,4,21,0,0
reedco01,Cody Reed,2019,CIN,3,1,0,0,0,0,0,0,0,0,0,1,0,0
reedmi02,Michael Reed,2019,SFN,4,8,0,0,0,0,0,0,0,0,0,6,0,0
reidfse01,Sean Reid-Foley,2019,TOR,9,1,0,0,0,0,0,0,0,0,0,1,0,0
reiniza01,Zac Reininger,2019,DET,25,0,0,0,0,0,0,0,0,0,0,0,0,0
rendoan01,Anthony Rendon,2019,WAS,146,545,117,174,44,3,34,126,5,1,80,86,8,12
renfrhu01,Hunter Renfroe,2019,SDN,140,440,64,95,19,1,33,64,5,0,46,154,1,2
rengilu01,Luis Rengifo,2019,LAA,108,357,44,85,18,3,7,33,2,5,40,93,0,5
reyesal02,Alex Reyes,2019,SLN,4,0,0,0,0,0,0,0,0,0,0,0,0,0
reyesfr01,Franmil Reyes,4038,SDN+CLE,150,494,69,123,19,0,37,81,0,0,47,156,1,0
reyesge01,Gerardo Reyes,2019,SDN,27,1,0,0,0,0,0,0,0,0,0,1,0,0
reyespa01,Pablo Reyes,2019,PIT,71,143,18,29,7,2,2,19,1,1,13,36,0,1
reyesvi01,Victor Reyes,2019,DET,69,276,29,84,16,5,3,25,9,3,14,64,0,0
reynobr01,Bryan Reynolds,2019,PIT,134,491,83,154,37,4,16,68,3,2,46,121,0,6
reynoma01,Mark Reynolds,2019,COL,78,135,13,23,7,0,4,20,2,0,22,57,0,2
rhameja01,Jacob Rhame,2019,NYN,5,0,0,0,0,0,0,0,0,0,0,0,0,0
richacl01,Clayton Richard,2019,TOR,10,0,0,0,0,0,0,0,0,0,0,0,0,0
richaga01,Garrett Richards,2019,SDN,3,2,0,0,0,0,0,0,0,0,0,1,0,0
richatr01,Trevor Richards,4038,MIA+TBA,31,30,2,3,0,0,0,0,0,0,2,18,0,0
rickajo01,Joey Rickard,4038,BAL+SFN,68,168,14,38,9,2,3,10,4,2,18,50,1,3
riddljt01,JT Riddle,2019,MIA,51,132,15,25,6,0,6,12,0,0,5,42,1,2
rileyau01,Austin Riley,2019,ATL,80,274,41,62,11,1,18,49,0,2,16,108,3,5
riosed01,Edwin Rios,2019,LAN,28,47,10,13,2,1,4,8,0,0,9,21,0,0
riosya01,Yacksel Rios,4038,PHI+PIT,14,0,0,0,0,0,0,0,0,0,0,0,0,0
riverfe01,Felipe Vazquez,2019,PIT,56,2,0,0,0,0,0,0,0,0,0,0,0,0
riverre01,Rene Rivera,2019,NYN,9,17,2,4,0,0,1,3,0,0,3,4,0,0
riverya01,Yadiel Rivera,2019,MIA,34,60,8,11,2,0,0,3,2,0,6,20,0,0
rizzoan01,Anthony Rizzo,2019,CHN,146,512,89,150,29,3,27,94,5,2,71,86,3,27
roarkta01,Tanner Roark,4038,CIN+OAK,31,33,2,5,1,0,1,2,0,0,0,13,0,0
roberda08,David Robertson,2019,PHI,7,0,0,0,0,0,0,0,0,0,0,0,0,0
roberda10,Daniel Robertson,2019,TBA,74,207,23,44,9,1,2,19,2,2,24,59,0,6
robindr01,Drew Robinson,2019,SLN,5,7,1,1,0,0,0,0,0,0,0,3,0,0
robleha01,Hansel Robles,2019,LAA,71,0,0,0,0,0,0,0,0,0,0,0,0,0
roblevi01,Victor Robles,2019,WAS,155,546,86,139,33,3,17,65,28,9,35,140,3,25
rodgebr01,Brady Rodgers,2019,HOU,3,0,0,0,0,0,0,0,0,0,0,0,0,0
rodgebr02,Brendan Rodgers,2019,COL,25,76,8,17,2,0,0,7,0,0,4,27,0,1
rodnefe01,Fernando Rodney,4038,OAK+WAS,55,0,0,0,0,0,0,0,0,0,0,0,0,0
rodonca01,Carlos Rodon,2019,CHA,7,0,0,0,0,0,0,0,0,0,0,0,0,0
rodride01,Dereck Rodriguez,2019,SFN,29,29,1,5,0,0,0,0,0,0,0,17,0,0
rodried05,Eduardo Rodriguez,2019,BOS,34,7,1,0,0,0,0,0,0,0,0,3,0,0
rodrije01,Jefry Rodriguez,2019,CLE,10,0,0,0,0,0,0,0,0,0,0,0,0,0
rodrijo06,Jose Rodriguez,2019,LAA,9,0,0,0,0,0,0,0,0,0,0,0,0,0
rodriri05,Richard Rodriguez,2019,PIT,72,0,0,0,0,0,0,0,0,0,0,0,0,0
rodriro03,Ronny Rodriguez,2019,DET,84,276,29,61,12,3,14,43,3,1,13,82,0,0
rodrise01,Sean Rodriguez,2019,PHI,76,112,24,25,5,0,4,12,1,1,19,41,0,3
roech01,Chaz Roe,2019,TBA,71,0,0,0,0,0,0,0,0,0,0,0,0,0
rogerja03,Jake Rogers,2019,DET,35,112,11,14,3,0,4,8,0,0,13,51,0,1
rogerjo01,Josh Rogers,2019,BAL,5,0,0,0,0,0,0,0,0,0,0,0,0,0
rogerta01,Taylor Rogers,2019,MIN,60,0,0,0,0,0,0,0,0,0,0,0,0,0
rogerty01,Tyler Rogers,2019,SFN,17,0,0,0,0,0,0,0,0,0,0,0,0,0
rojasjo01,Josh Rojas,2019,ARI,41,138,17,30,7,0,2,16,4,2,18,41,0,1
rojasmi02,Miguel Rojas,2019,MIA,132,483,52,137,29,1,5,46,9,5,32,62,2,5
romanjo03,Jordan Romano,2019,TOR,17,0,0,0,0,0,0,0,0,0,0,0,0,0
romansa01,Sal Romano,2019,CIN,12,2,0,0,0,0,0,0,0,0,0,1,0,0
romerfe01,Fernando Romero,2019,MIN,15,0,0,0,0,0,0,0,0,0,0,0,0,0
rominau01,Austin Romine,2019,NYA,73,228,29,64,12,0,8,35,1,1,10,50,0,0
romose01,Sergio Romo,4038,MIA+MIN,65,0,0,0,0,0,0,0,0,0,0,0,0,0
rondohe01,Hector Rondon,2019,HOU,62,0,0,0,0,0,0,0,0,0,0,0,0,0
rondojo02,Jose Rondon,4038,CHA+BAL,56,143,10,28,3,0,3,9,0,0,11,38,0,2
rosaad01,Adonis Rosa,2019,NYA,1,0,0,0,0,0,0,0,0,0,0,0,0,0
rosaram01,Amed Rosario,2019,NYN,157,616,75,177,30,7,15,72,19,10,31,124,2,3
rosared01,Eddie Rosario,2019,MIN,137,562,91,155,28,1,32,109,3,1,22,86,2,0
rosarra01,Randy Rosario,4038,CHN+KCA,19,1,0,0,0,0,0,0,0,0,0,0,0,0
rosentr01,Trevor Rosenthal,4038,WAS+DET,22,0,0,0,0,0,0,0,0,0,0,0,0,0
rosscza01,Zac Rosscup,6057,SEA+TOR+LAN,28,0,0,0,0,0,0,0,0,0,0,0,0,0
rossjo01,Joe Ross,2019,WAS,28,19,1,2,0,0,0,0,0,0,1,10,0,0
rossty01,Tyson Ross,2019,DET,7,0,0,0,0,0,0,0,0,0,0,0,0,0
ruizjo01,Jose Ruiz,2019,CHA,40,0,0,0,0,0,0,0,0,0,0,0,0,0
ruizri01,Rio Ruiz,2019,BAL,127,370,35,86,13,2,12,46,0,1,40,88,0,0
rumbeni01,Nick Rumbelow,2019,SEA,3,0,0,0,0,0,0,0,0,0,0,0,0,0
rusinch01,Chris Rusin,2019,COL,2,0,0,0,0,0,0,0,0,0,0,0,0,0
russead02,Addison Russell,2019,CHN,82,215,25,51,4,1,9,23,2,0,20,58,2,3
ryanky01,Kyle Ryan,2019,CHN,73,2,0,0,0,0,0,0,0,0,1,1,0,0
ryuhy01,Hyun Jin Ryu,2019,LAN,30,51,3,8,1,0,1,3,0,0,4,23,0,0
sabatcc01,CC Sabathia,2019,NYA,23,3,0,0,0,0,0,0,0,0,0,2,0,0
sadleca02,Casey Sadler,4038,TBA+LAN,33,3,0,0,0,0,0,0,0,0,0,1,0,0
sadzeco01,Connor Sadzeck,2019,SEA,20,0,0,0,0,0,0,0,0,0,0,0,0,0
saladty01,Tyler Saladino,2019,MIL,28,65,7,8,0,0,2,8,2,0,5,26,0,1
salasfe01,Fernando Salas,2019,PHI,3,0,0,0,0,0,0,0,0,0,0,0,0,0
salazda01,Danny Salazar,2019,CLE,1,0,0,0,0,0,0,0,0,0,0,0,0,0
salech01,Chris Sale,2019,BOS,25,0,0,0,0,0,0,0,0,0,0,0,0,0
samarje01,Jeff Samardzija,2019,SFN,32,50,1,6,2,0,0,1,0,0,0,30,0,0
sampsad01,Adrian Sampson,2019,TEX,35,2,0,0,0,0,0,0,0,0,0,1,0,0
sanchaa01,Aaron Sanchez,4038,TOR+HOU,27,2,0,0,0,0,0,0,0,0,0,0,0,0
sanchad01,Adrian Sanchez,2019,WAS,28,31,3,7,0,0,0,1,0,0,1,10,0,0
sanchan01,Anibal Sanchez,2019,WAS,30,52,1,6,0,0,0,1,0,0,0,24,0,0
sanchca01,Carlos Sanchez,2019,CHA,149,496,59,125,20,4,2,43,5,4,44,117,1,5
sanchga02,Gary Sanchez,2019,NYA,106,396,62,92,12,1,34,77,0,1,40,125,3,9
sandopa01,Pablo Sandoval,2019,SFN,108,272,42,73,23,0,14,41,1,0,18,67,2,1
sandopa02,Patrick Sandoval,2019,LAA,10,2,0,0,0,0,0,0,0,0,0,2,0,0
sanomi01,Miguel Sano,2019,MIN,105,380,76,94,19,2,34,79,0,1,55,159,0,3
santaan02,Anthony Santander,2019,BAL,93,380,46,99,20,1,20,59,1,2,19,86,0,2
santaca01,Carlos Santana,2019,CLE,158,573,110,161,30,1,34,93,4,0,108,108,12,3
santada01,Danny Santana,2019,TEX,130,474,81,134,23,6,28,81,21,6,25,151,2,6
santade01,Dennis Santana,2019,LAN,3,2,0,1,0,0,0,0,0,0,0,0,0,0
santado01,Domingo Santana,2019,SEA,121,451,63,114,20,1,21,69,8,3,50,164,1,2
santaer01,Ervin Santana,2019,CHA,3,0,0,0,0,0,0,0,0,0,0,0,0,0
santihe01,Hector Santiago,4038,NYN+CHA,19,0,0,0,0,0,0,0,0,0,0,0,0,0
sborzjo01,Josh Sborz,2019,LAN,7,0,0,0,0,0,0,0,0,0,0,0,0,0
schebsc01,Scott Schebler,2019,CIN,30,81,11,10,2,0,2,7,0,1,14,27,0,0
scherma01,Max Scherzer,2019,WAS,29,55,6,10,0,0,0,2,2,0,0,27,0,0
schlibr01,Brian Schlitter,2019,OAK,6,0,0,0,0,0,0,0,0,0,0,0,0,0
schoojo01,Jonathan Schoop,2019,MIN,121,433,61,111,23,1,23,59,1,1,20,116,1,10
schrejo01,John Schreiber,2019,DET,13,0,0,0,0,0,0,0,0,0,0,0,0,0
schulja02,Jaime Schultz,2019,LAN,4,0,0,0,0,0,0,0,0,0,0,0,0,0
schwaky01,Kyle Schwarber,2019,CHN,155,529,82,132,29,3,38,92,2,3,70,156,5,5
schwifr01,Frank Schwindel,2019,KCA,6,15,0,1,0,0,0,0,0,0,0,2,0,0
scottro02,Robby Scott,2019,ARI,11,0,0,0,0,0,0,0,0,0,0,0,0,0
scottta01,Tanner Scott,2019,BAL,28,0,0,0,0,0,0,0,0,0,0,0,0,0
scottta02,Tayler Scott,4038,SEA+BAL,13,0,0,0,0,0,0,0,0,0,0,0,0,0
seageco01,Corey Seager,2019,LAN,134,489,82,133,44,1,19,87,1,0,44,98,3,4
seageky01,Kyle Seager,2019,SEA,106,393,55,94,19,1,23,63,2,2,44,86,0,4
segurje01,Jean Segura,2019,PHI,144,576,79,161,37,4,12,60,10,2,30,73,1,8
selmasa01,Sam Selman,2019,SFN,10,0,0,0,0,0,0,0,0,0,0,0,0,0
semiema01,Marcus Semien,2019,OAK,162,657,123,187,43,7,33,92,10,8,87,102,2,2
senzaan01,Antonio Senzatela,2019,COL,25,40,2,1,0,0,0,3,0,0,1,24,0,0
senzeni01,Nick Senzel,2019,CIN,104,375,55,96,20,4,12,42,14,5,30,101,0,3
severlu01,Luis Severino,2019,NYA,3,0,0,0,0,0,0,0,0,0,0,0,0,0
severpe01,Pedro Severino,2019,BAL,96,305,37,76,13,0,13,44,3,1,29,73,0,4
sewalpa01,Paul Sewald,2019,NYN,17,1,0,0,0,0,0,0,0,0,0,0,0,0
shafeju01,Justin Shafer,2019,TOR,34,0,0,0,0,0,0,0,0,0,0,0,0,0
shawami01,Mike Shawaryn,2019,BOS,14,0,0,0,0,0,0,0,0,0,0,0,0,0
shawbr01,Bryan Shaw,2019,COL,70,0,0,0,0,0,0,0,0,0,0,0,0,0
shawch01,Chris Shaw,2019,SFN,16,18,0,1,0,0,0,0,0,0,2,8,0,0
shawtr01,Travis Shaw,2019,MIL,86,230,22,36,5,0,7,16,0,0,36,89,3,4
sheffju01,Justus Sheffield,2019,SEA,8,2,0,0,0,0,0,0,0,0,0,2,0,0
shephch01,Chandler Shepherd,2019,BAL,5,0,0,0,0,0,0,0,0,0,0,0,0,0
sherfji01,James Sherfy,2019,ARI,17,2,0,0,0,0,0,0,0,0,0,2,0,0
shoemma01,Matt Shoemaker,2019,TOR,5,0,0,0,0,0,0,0,0,0,0,0,0,0
shrevch01,Chasen Shreve,2019,SLN,3,0,0,0,0,0,0,0,0,0,1,0,0,0
shuckja01,JB Shuck,2019,PIT,27,47,4,10,0,1,0,2,1,1,8,10,0,1
sierrma01,Magneuris Sierra,2019,MIA,15,40,5,14,1,1,0,1,3,3,2,7,0,0
simmoan01,Andrelton Simmons,2019,LAA,103,398,47,105,19,0,7,40,10,2,24,37,1,2
simslu01,Lucas Sims,2019,CIN,24,8,0,1,0,0,0,0,0,0,0,5,0,0
sippto01,Tony Sipp,2019,WAS,36,0,0,0,0,0,0,0,0,0,0,0,0,0
siscoch01,Chance Sisco,2019,BAL,59,167,29,35,7,0,8,20,0,1,22,61,0,9
skaggty01,Tyler Skaggs,2019,LAA,15,2,0,0,0,0,0,0,0,0,1,1,0,0
skogler01,Eric Skoglund,2019,KCA,6,0,0,0,0,0,0,0,0,0,0,0,0,0
skolema01,Matt Skole,2019,CHA,27,72,7,15,2,0,0,6,0,0,7,31,0,0
slateau01,Austin Slater,2019,SFN,68,168,20,40,9,3,5,21,1,0,22,59,1,2
slegeaa01,Aaron Slegers,2019,TBA,1,0,0,0,0,0,0,0,0,0,0,0,0,0
smeltde01,Devin Smeltzer,2019,MIN,11,0,0,0,0,0,0,0,0,0,0,0,0,0
smithbu03,Burch Smith,4038,MIL+SFN,17,1,0,0,0,0,0,0,0,0,0,1,0,0
smithca03,Caleb Smith,2019,MIA,30,43,2,10,2,0,0,3,0,0,0,15,0,1
smithdo02,Dominic Smith,2019,NYN,89,177,35,50,10,0,11,25,1,2,19,44,0,1
smithdw02,Dwight Smith,2019,BAL,101,357,46,86,16,3,13,53,5,1,26,82,0,4
smithjo05,Joe Smith,2019,HOU,28,0,0,0,0,0,0,0,0,0,0,0,0,0
smithjo07,Josh Smith,2019,BOS,18,0,0,0,0,0,0,0,0,0,0,0,0,0
smithjo08,Josh Smith,4038,CLE+MIA,14,0,0,0,0,0,0,0,0,0,0,0,0,0
smithke04,Kevan Smith,2019,LAA,67,191,21,48,12,0,5,20,2,0,16,37,0,3
smithma05,Mallex Smith,2019,SEA,134,510,70,116,19,9,6,37,46,9,42,141,0,11
smithwi04,Will Smith,2019,SFN,63,1,0,1,0,0,0,2,0,0,0,0,0,0
smithwi05,Will Smith,2019,LAN,54,170,30,43,9,0,15,42,2,0,18,52,1,5
smoakju01,Justin Smoak,2019,TOR,121,414,54,86,16,0,22,61,0,0,79,106,3,6
smylydr01,Drew Smyly,4038,TEX+PHI,25,19,1,0,0,0,0,0,0,0,1,9,0,0
sneedcy01,Cy Sneed,2019,HOU,8,0,0,0,0,0,0,0,0,0,0,0,0,0
snellbl01,Blake Snell,2019,TBA,23,0,0,0,0,0,0,0,0,0,0,0,0,0
sobotch01,Chad Sobotka,2019,ATL,32,2,0,0,0,0,0,0,0,0,0,2,0,0
sogarer01,Eric Sogard,4038,TOR+TBA,110,396,59,115,23,2,13,40,8,0,38,63,2,2
solakni01,Nick Solak,2019,TEX,33,116,19,34,6,1,5,17,2,0,15,29,1,4
solando01,Donovan Solano,2019,SFN,81,215,27,71,13,1,4,23,0,1,10,49,0,1
solarya01,Yangervis Solarte,2019,SFN,28,73,9,15,5,0,1,7,0,0,4,16,1,0
solerjo01,Jorge Soler,2019,KCA,162,589,95,156,33,1,48,117,3,1,73,178,3,10
soriajo01,Joakim Soria,2019,OAK,71,0,0,0,0,0,0,0,0,0,0,0,0,0
sorokmi01,Mike Soroka,2019,ATL,29,52,2,4,0,0,0,3,0,0,2,22,0,2
sosaed01,Edmundo Sosa,2019,SLN,8,8,2,2,0,0,0,0,1,0,1,2,0,1
sotogr01,Gregory Soto,2019,DET,33,2,0,2,0,0,0,0,0,0,0,0,0,0
sotoju01,Juan Soto,2019,WAS,150,542,110,153,32,5,34,110,12,1,108,132,3,3
spangco01,Cory Spangenberg,2019,MIL,32,95,11,22,2,2,2,10,3,0,6,36,1,0
sparkgl01,Glenn Sparkman,2019,KCA,31,2,0,0,0,0,0,0,0,0,0,0,0,0
speiega01,Gabe Speier,2019,KCA,9,0,0,0,0,0,0,0,0,0,0,0,0,0
springe01,George Springer,2019,HOU,122,479,96,140,20,3,39,96,6,2,67,113,1,6
sprinje01,Jeffrey Springs,2019,TEX,25,0,0,0,0,0,0,0,0,0,0,0,0,0
stallja01,Jacob Stallings,2019,PIT,71,191,26,50,5,0,6,13,0,0,16,40,5,2
stameer01,Eric Stamets,2019,CLE,15,41,4,2,1,0,0,2,0,0,5,24,0,0
stammcr01,Craig Stammen,2019,SDN,76,1,0,0,0,0,0,0,0,0,0,1,0,0
stanery01,Ryne Stanek,4038,TBA+MIA,63,0,0,0,0,0,0,0,0,0,0,0,0,0
stantmi03,Giancarlo Stanton,2019,NYA,18,59,8,17,3,0,3,13,0,0,12,24,0,0
starlbu01,Bubba Starling,2019,KCA,56,186,26,40,7,0,4,12,2,0,9,56,0,1
stashco01,Cody Stashak,2019,MIN,18,0,0,0,0,0,0,0,0,0,0,0,0,0
stassma01,Max Stassi,4038,HOU+LAA,51,132,7,18,1,0,1,5,0,0,12,49,0,1
staumjo01,Josh Staumont,2019,KCA,16,0,0,0,0,0,0,0,0,0,0,0,0,0
steckdr01,Drew Steckenrider,2019,MIA,15,0,0,0,0,0,0,0,0,0,0,0,0,0
stephro01,Robert Stephenson,2019,CIN,57,1,0,0,0,0,0,0,0,0,0,1,0,0
stevean01,Andrew Stevenson,2019,WAS,30,30,4,11,1,1,0,0,0,1,6,11,0,1
stewabr01,Brock Stewart,4038,LAN+TOR,13,3,1,1,1,0,0,0,0,0,0,0,0,0
stewach02,Christin Stewart,2019,DET,104,369,32,86,25,1,10,40,0,1,34,103,3,7
stewadj01,DJ Stewart,2019,BAL,44,126,15,30,6,0,4,15,1,2,14,26,1,1
stewako01,Kohl Stewart,2019,MIN,9,0,0,0,0,0,0,0,0,0,0,0,0,0
stjohlo01,Locke St. John,2019,TEX,7,0,0,0,0,0,0,0,0,0,0,0,0,0
stockro01,Robert Stock,2019,SDN,10,0,0,0,0,0,0,0,0,0,0,0,0,0
storytr01,Trevor Story,2019,COL,145,588,111,173,38,5,35,85,23,8,58,174,0,7
strahma01,Matt Strahm,2019,SDN,47,21,1,6,2,0,0,1,0,0,2,12,0,0
straida01,Dan Straily,2019,BAL,14,0,0,0,0,0,0,0,0,0,0,0,0,0
strasst01,Stephen Strasburg,2019,WAS,34,72,4,12,1,0,1,10,0,0,3,25,0,0
stratch01,Chris Stratton,4038,LAA+PIT,35,4,0,0,0,0,0,0,0,0,0,2,0,0
strawmy01,Myles Straw,2019,HOU,56,108,27,29,4,2,0,7,8,1,19,24,0,0
strichu01,Hunter Strickland,4038,SEA+WAS,28,0,0,0,0,0,0,0,0,0,0,0,0,0
stripro01,Ross Stripling,2019,LAN,32,20,1,3,0,0,0,1,0,0,2,7,0,0
stromma01,Marcus Stroman,4038,TOR+NYN,32,23,2,1,0,0,0,0,0,0,0,13,0,0
stroppe01,Pedro Strop,2019,CHN,50,0,0,0,0,0,0,0,0,0,0,0,0,0
stubbga01,Garrett Stubbs,2019,HOU,19,35,8,7,3,0,0,2,1,0,4,7,0,0
stumpda01,Daniel Stumpf,2019,DET,48,0,0,0,0,0,0,0,0,0,0,0,0,0
suarean01,Andrew Suarez,2019,SFN,21,3,0,0,0,0,0,0,0,0,0,1,0,0
suareeu01,Eugenio Suarez,2019,CIN,159,575,87,156,22,2,49,103,3,2,70,189,4,11
suarejo01,Jose Suarez,2019,LAA,19,2,0,0,0,0,0,0,0,0,0,1,0,0
suarera01,Ranger Suarez,2019,PHI,37,4,0,1,0,0,0,0,0,0,0,2,0,0
sucreje01,Jesus Sucre,2019,BAL,21,62,3,13,2,0,0,3,0,0,4,13,0,1
suerowa01,Wander Suero,2019,WAS,78,1,0,0,0,0,0,0,0,0,0,1,0,0
sulseco01,Cole Sulser,2019,TBA,7,0,0,0,0,0,0,0,0,0,0,0,0,0
suterbr01,Brent Suter,2019,MIL,9,2,0,0,0,0,0,0,0,0,0,1,0,0
suzukic01,Ichiro Suzuki,2019,SEA,2,5,0,0,0,0,0,0,0,0,1,1,0,0
suzukku01,Kurt Suzuki,2019,WAS,85,280,37,74,11,0,17,63,0,1,20,36,1,6
swansda01,Dansby Swanson,2019,ATL,127,483,77,121,26,3,17,65,10,5,51,124,2,5
swanser01,Erik Swanson,2019,SEA,27,2,0,0,0,0,0,0,0,0,0,1,0,0
swarzan01,Anthony Swarzak,4038,SEA+ATL,59,0,0,0,0,0,0,0,0,0,0,0,0,0
swihabl01,Blake Swihart,4038,BOS+ARI,43,92,13,15,1,0,4,13,0,0,6,36,0,1
syndeno01,Noah Syndergaard,2019,NYN,32,65,6,6,1,0,2,2,0,0,3,47,0,0
taillja01,Jameson Taillon,2019,PIT,7,8,0,2,0,0,0,0,0,0,0,3,0,0
tanakma01,Masahiro Tanaka,2019,NYA,32,1,0,0,0,0,0,0,0,0,0,0,0,0
tapiara01,Raimel Tapia,2019,COL,138,426,54,117,23,5,9,44,9,3,21,100,0,0
tarplst01,Stephen Tarpley,2019,NYA,21,0,0,0,0,0,0,0,0,0,0,0,0,0
tatedi01,Dillon Tate,2019,BAL,16,0,0,0,0,0,0,0,0,0,0,0,0,0
tatisfe02,Fernando Tatis,2019,SDN,84,334,61,106,13,6,22,53,16,6,30,110,1,5
tauchmi01,Mike Tauchman,2019,NYA,87,260,46,72,18,1,13,47,6,0,34,71,0,1
taylobe04,Beau Taylor,6057,OAK+TOR+OAK,11,25,3,4,0,0,2,2,0,0,4,7,0,1
tayloch03,Chris Taylor,2019,LAN,124,366,52,96,29,4,12,52,8,0,37,115,3,4
taylojo02,Josh Taylor,2019,BOS,52,0,0,0,0,0,0,0,0,0,0,0,0,0
taylomi02,Michael Taylor,2019,WAS,53,88,10,22,7,0,1,3,6,0,7,34,0,0
tayloty01,Tyrone Taylor,2019,MIL,15,10,1,4,2,0,0,1,0,0,1,1,0,1
teherju01,Julio Teheran,2019,ATL,35,55,1,6,1,0,0,4,0,0,0,24,0,0
tejadru01,Ruben Tejada,2019,NYN,6,9,1,0,0,0,0,0,0,0,0,3,0,0
tellero01,Rowdy Tellez,2019,TOR,111,370,49,84,19,0,21,54,1,1,29,116,3,7
teperry01,Ryan Tepera,2019,TOR,23,0,0,0,0,0,0,0,0,0,0,0,0,0
thaisma01,Matt Thaiss,2019,LAA,53,147,17,31,7,0,8,23,0,0,17,52,0,0
thameer01,Eric Thames,2019,MIL,149,396,67,98,23,2,25,61,3,2,51,140,4,10
thomala02,Lane Thomas,2019,SLN,34,38,6,12,0,1,4,12,1,1,4,8,0,2
thorntr01,Trent Thornton,2019,TOR,32,3,2,2,0,0,0,0,0,0,0,0,0,0
thornty01,Tyler Thornburg,2019,BOS,16,0,0,0,0,0,0,0,0,0,0,0,0,0
thorple01,Lewis Thorpe,2019,MIN,12,0,0,0,0,0,0,0,0,0,0,0,0,0
tilsoch01,Charlie Tilson,2019,CHA,54,144,16,33,5,0,1,12,4,0,10,38,1,3
tinocje01,Jesus Tinoco,2019,COL,24,5,1,1,0,0,0,0,0,0,0,4,0,0
tomasya01,Yasmany Tomas,2019,ARI,4,6,0,0,0,0,0,0,0,0,0,3,0,0
tomlijo01,Josh Tomlin,2019,ATL,51,6,0,0,0,0,0,0,0,0,0,3,0,0
toroab01,Abraham Toro,2019,HOU,25,78,13,17,3,2,2,9,1,1,9,19,0,1
torreca01,Carlos Torres,2019,DET,4,0,0,0,0,0,0,0,0,0,0,0,0,0
torregl01,Gleyber Torres,2019,NYA,144,546,96,152,26,0,38,90,5,2,48,129,3,3
torrelu01,Luis Torrens,2019,SDN,7,14,2,3,1,0,0,0,0,0,2,6,0,0
torrero01,Ronald Torreyes,2019,MIN,7,16,3,3,0,0,0,1,1,0,0,3,0,1
toussto01,Touki Toussaint,2019,ATL,24,9,0,0,0,0,0,0,0,0,0,7,0,0
tovarwi01,Wilfredo Tovar,2019,LAA,31,83,5,16,5,0,0,5,0,0,5,15,0,0
travisa01,Sam Travis,2019,BOS,59,144,17,31,4,1,6,16,2,0,11,36,2,1
treinbl01,Blake Treinen,2019,OAK,57,0,0,0,0,0,0,0,0,0,0,0,0,0
trevijo01,Jose Trevino,2019,TEX,40,120,18,31,9,0,2,13,0,0,3,27,0,0
trivilo01,Lou Trivino,2019,OAK,61,0,0,0,0,0,0,0,0,0,0,0,0,0
tropeni01,Nick Tropeano,2019,LAA,3,0,0,0,0,0,0,0,0,0,0,0,0,0
troutmi01,Mike Trout,2019,LAA,134,470,110,137,27,2,45,104,11,2,110,120,14,16
trumbma01,Mark Trumbo,2019,BAL,12,29,1,5,3,0,0,3,0,0,2,5,0,0
tuckeco01,Cole Tucker,2019,PIT,56,147,16,31,10,3,2,13,0,0,10,40,1,1
tuckeky01,Kyle Tucker,2019,HOU,22,67,15,18,6,0,4,11,5,0,4,20,1,1
tuivasa01,Sam Tuivailala,2019,SEA,23,0,0,0,0,0,0,0,0,0,0,0,0,0
tulowtr01,Troy Tulowitzki,2019,NYA,5,11,1,2,1,0,1,1,0,0,2,4,0,0
turnbsp01,Spencer Turnbull,2019,DET,30,8,1,0,0,0,0,0,0,0,0,7,0,0
turneju01,Justin Turner,2019,LAN,135,479,80,139,24,0,27,67,2,0,51,88,1,14
turnetr01,Trea Turner,2019,WAS,122,521,96,155,37,5,19,57,35,5,43,113,2,3
underdu01,Duane Underwood,2019,CHN,12,1,0,0,0,0,0,0,0,0,0,1,0,0
uptonju01,Justin Upton,2019,LAA,63,219,34,47,8,0,12,40,1,1,32,78,0,0
urenajo01,Jose Urena,2019,MIA,25,19,1,0,0,0,0,0,0,0,1,14,0,0
urenari01,Richard Urena,2019,TOR,30,74,4,18,6,0,0,4,0,0,2,23,0,1
uriasju01,Julio Urias,2019,LAN,37,12,0,3,0,0,0,2,0,0,1,4,0,0
uriaslu01,Luis Urias,2019,SDN,71,215,27,48,8,1,4,24,0,1,25,56,0,9
urquijo01,Jose Urquidy,2019,HOU,9,4,0,0,0,0,0,0,0,0,0,3,0,0
urshegi01,Gio Urshela,2019,NYA,132,442,73,139,34,0,21,74,1,1,25,87,1,5
valaipa01,Pat Valaika,2019,COL,40,79,11,15,5,1,1,4,0,0,7,34,0,0
valdefr01,Framber Valdez,2019,HOU,26,0,0,0,0,0,0,0,0,0,0,0,0,0
valdeph01,Phillips Valdez,2019,TEX,11,0,0,0,0,0,0,0,0,0,0,0,0,0
valerbr01,Breyvic Valera,4038,NYA+TOR,17,47,7,11,2,1,1,6,0,0,4,7,0,1
vanmejo01,Josh VanMeter,2019,CIN,95,228,33,54,13,1,8,23,9,3,29,56,0,2
vargail01,Ildemaro Vargas,2019,ARI,92,201,25,54,9,1,6,24,1,0,9,24,0,0
vargaja01,Jason Vargas,4038,NYN+PHI,30,40,0,3,0,0,0,0,0,0,0,22,0,0
vasquan02,Andrew Vasquez,2019,MIN,1,0,0,0,0,0,0,0,0,0,0,0,0,0
vazquch01,Christian Vazquez,2019,BOS,138,482,66,133,26,1,23,72,4,2,33,101,3,0
velasvi01,Vince Velasquez,2019,PHI,35,30,2,7,0,0,1,3,0,0,2,9,0,0
velazan01,Andrew Velazquez,4038,TBA+CLE,15,23,3,2,2,0,0,0,1,0,1,13,0,0
velazhe01,Hector Velazquez,2019,BOS,34,1,0,0,0,0,0,0,0,0,0,1,0,0
vendipa01,Pat Venditte,2019,SFN,2,0,0,0,0,0,0,0,0,0,0,0,0,0
ventejo01,Jonny Venters,4038,ATL+WAS,12,0,0,0,0,0,0,0,0,0,0,0,0,0
verdual01,Alex Verdugo,2019,LAN,106,343,43,101,22,2,12,44,4,1,26,49,1,2
verhadr01,Drew VerHagen,2019,DET,22,0,0,0,0,0,0,0,0,0,0,0,0,0
verlaju01,Justin Verlander,2019,HOU,34,2,0,0,0,0,0,0,0,0,0,1,0,0
vieirth01,Thyago Vieira,2019,CHA,6,0,0,0,0,0,0,0,0,0,0,0,0,0
villajo01,Jonathan Villar,2019,BAL,162,642,111,176,33,5,24,73,40,9,61,176,0,4
vilorme01,Meibrys Viloria,2019,KCA,42,133,7,28,7,0,1,15,0,1,10,44,0,0
vinceni01,Nick Vincent,4038,SFN+PHI,32,3,0,0,0,0,0,0,0,0,0,3,0,0
vizcaar01,Arodys Vizcaino,2019,ATL,4,0,0,0,0,0,0,0,0,0,0,0,0,0
vogelda01,Dan Vogelbach,2019,SEA,144,462,73,96,17,0,30,76,0,0,92,149,2,2
vogtst01,Stephen Vogt,2019,SFN,99,255,30,67,24,2,10,40,3,1,20,66,1,1
voitlu01,Luke Voit,2019,NYA,118,429,72,113,21,1,21,62,0,0,71,142,2,9
volqued01,Edinson Volquez,2019,TEX,11,0,0,0,0,0,0,0,0,0,0,0,0,0
vothau01,Austin Voth,2019,WAS,9,9,0,1,0,0,0,1,0,0,0,3,0,0
vottojo01,Joey Votto,2019,CIN,142,525,79,137,32,1,15,47,5,0,76,123,2,4
wachami01,Michael Wacha,2019,SLN,29,36,3,6,1,0,0,3,0,0,0,21,0,0
wadela01,LaMonte Wade,2019,MIN,26,56,10,11,2,1,2,5,0,1,11,9,0,2
wadety01,Tyler Wade,2019,NYA,43,94,16,23,3,1,2,11,7,0,11,28,0,1
wagueja01,Jacob Waguespack,2019,TOR,16,2,0,0,0,0,0,0,0,0,1,2,0,0
wainwad01,Adam Wainwright,2019,SLN,31,50,6,8,3,0,0,2,0,0,2,20,0,0
waldema01,Marcus Walden,2019,BOS,70,1,0,0,0,0,0,0,0,0,0,1,0,0
waldimi01,Mitch Walding,2019,PHI,2,2,0,0,0,0,0,0,0,0,0,2,0,0
walkech02,Christian Walker,2019,ARI,152,529,86,137,26,1,29,73,8,1,67,155,6,6
walkeje02,Jeremy Walker,2019,ATL,6,1,0,0,0,0,0,0,0,0,0,0,0,0
walkene01,Neil Walker,2019,MIA,115,337,37,88,19,1,8,38,3,0,42,77,1,1
walketa01,Taijuan Walker,2019,ARI,1,0,0,0,0,0,0,0,0,0,0,0,0,0
wallach01,Chad Wallach,2019,MIA,19,48,4,12,3,0,1,3,0,0,6,12,0,0
walshja01,Jared Walsh,2019,LAA,34,79,6,16,5,1,1,5,0,0,6,35,1,2
waltodo01,Donovan Walton,2019,SEA,7,16,2,3,0,0,0,2,0,1,3,5,0,0
wangwe01,Wei-Chung Wang,4038,OAK+PIT,25,0,0,0,0,0,0,0,0,0,0,0,0,0
wardta01,Taylor Ward,2019,LAA,20,42,4,8,3,0,1,2,0,0,6,23,0,0
warread01,Adam Warren,2019,SDN,25,0,0,0,0,0,0,0,0,0,0,0,0,0
warrear01,Art Warren,2019,SEA,6,0,0,0,0,0,0,0,0,0,0,0,0,0
watsoto01,Tony Watson,2019,SFN,60,0,0,0,0,0,0,0,0,0,0,0,0,0
weavelu01,Luke Weaver,2019,ARI,13,19,2,2,0,0,1,4,0,0,0,11,0,0
webbja01,Jacob Webb,2019,ATL,36,1,0,0,0,0,0,0,0,0,0,1,0,0
webblo01,Logan Webb,2019,SFN,9,9,0,1,0,0,0,0,0,0,1,2,0,0
webbty01,Tyler Webb,2019,SLN,65,0,0,0,0,0,0,0,0,0,0,0,0,0
weberry01,Ryan Weber,2019,BOS,18,0,0,0,0,0,0,0,0,0,0,0,0,0
webstal01,Allen Webster,2019,CHN,12,0,0,0,0,0,0,0,0,0,0,0,0,0
wendejb01,J. B. Wendelken,2019,OAK,27,0,0,0,0,0,0,0,0,0,0,0,0,0
wendljo01,Joey Wendle,2019,TBA,75,238,32,55,13,2,3,19,8,3,14,47,0,8
wheelza01,Zach Wheeler,2019,NYN,31,57,5,12,2,0,1,6,0,0,2,19,0,2
whitety01,Tyler White,4038,HOU+LAN,83,240,18,50,14,0,3,23,0,0,36,78,0,0
wickro01,Rowan Wick,2019,CHN,31,0,0,0,0,0,0,0,0,0,0,0,0,0
wieckbr01,Brad Wieck,4038,SDN+CHN,44,2,0,0,0,0,0,0,0,0,0,1,0,0
wietema01,Matt Wieters,2019,SLN,67,168,15,36,4,0,11,27,1,1,12,47,0,1
wilkeaa01,Aaron Wilkerson,2019,MIL,8,3,1,1,0,0,1,2,0,0,0,1,0,0
wilkest01,Stevie Wilkerson,2019,BAL,119,329,41,74,18,2,10,35,3,3,22,108,0,7
williau01,Austen Williams,2019,WAS,2,0,0,0,0,0,0,0,0,0,0,0,0,0
willide03,Devin Williams,2019,MIL,13,1,0,0,0,0,0,0,0,0,0,1,0,0
willima07,Mason Williams,2019,BAL,11,30,4,8,1,0,0,2,1,0,3,6,0,0
willima08,Mac Williamson,4038,SFN+SEA,40,128,13,20,1,0,4,17,2,1,14,44,0,2
willini01,Nick Williams,2019,PHI,67,106,9,16,4,0,2,5,0,0,4,43,0,2
willita01,Taylor Williams,2019,MIL,12,1,0,0,0,0,0,0,0,0,0,1,0,0
willitr01,Trevor Williams,2019,PIT,26,36,2,6,0,0,0,4,0,0,2,17,0,0
wilsoal01,Alex Wilson,2019,MIL,13,0,0,0,0,0,0,0,0,0,0,0,0,0
wilsobo02,Bobby Wilson,2019,DET,15,44,2,4,1,0,0,2,0,0,2,11,0,0
wilsobr02,Bryse Wilson,2019,ATL,6,9,0,2,0,0,0,0,0,0,0,6,0,0
wilsoju10,Justin Wilson,2019,NYN,45,0,0,0,0,0,0,0,0,0,0,0,0,0
wingetr01,Trey Wingenter,2019,SDN,51,0,0,0,0,0,0,0,0,0,0,0,0,0
winkeje01,Jesse Winker,2019,CIN,113,338,51,91,17,2,16,38,0,2,38,60,2,8
winklda01,Dan Winkler,2019,ATL,27,0,0,0,0,0,0,0,0,0,0,0,0,0
wisdopa01,Patrick Wisdom,2019,TEX,9,26,1,4,1,0,0,1,0,0,1,15,0,0
wislema01,Matt Wisler,4038,SDN+SEA,44,1,0,0,0,0,0,0,0,0,0,0,0,0
wittgni01,Nick Wittgren,2019,CLE,55,0,0,0,0,0,0,0,0,0,0,0,0,0
wojcias01,Asher Wojciechowski,2019,BAL,17,1,0,0,0,0,0,0,0,0,0,1,0,0
wolteto01,Tony Wolters,2019,COL,121,359,42,94,17,2,1,42,0,1,36,68,5,8
wongke01,Kean Wong,4038,TBA+LAA,7,18,2,3,0,0,0,0,0,1,0,6,0,0
wongko01,Kolten Wong,2019,SLN,148,478,61,136,25,4,11,59,24,4,47,83,5,13
woodal02,Alex Wood,2019,CIN,7,9,0,2,0,0,0,0,0,0,0,5,0,0
woodhu01,Hunter Wood,4038,TBA+CLE,36,0,0,0,0,0,0,0,0,0,0,0,0,0
woodrbr01,Brandon Woodruff,2019,MIL,27,45,1,12,4,0,0,4,0,0,1,20,0,0
workmbr01,Brandon Workman,2019,BOS,73,0,0,0,0,0,0,0,0,0,0,0,0,0
wothema01,Matt Wotherspoon,2019,BAL,2,0,0,0,0,0,0,0,0,0,0,0,0,0
wrighky01,Kyle Wright,2019,ATL,7,6,0,0,0,0,0,0,0,0,0,4,0,0
wrighmi01,Mike Wright,4038,BAL+SEA,19,0,0,0,0,0,0,0,0,0,0,0,0,0
wrighst01,Steven Wright,2019,BOS,6,0,0,0,0,0,0,0,0,0,0,0,0,0
wynnsau01,Austin Wynns,2019,BAL,28,70,8,15,1,0,1,5,0,0,3,14,0,0
yacabji01,Jimmy Yacabonis,2019,BAL,29,0,0,0,0,0,0,0,0,0,0,0,0,0
yamamjo01,Jordan Yamamoto,2019,MIA,16,21,0,1,0,0,0,1,0,0,1,9,0,0
yarbrry01,Ryan Yarbrough,2019,TBA,28,0,0,0,0,0,0,0,0,0,0,0,0,0
yardler01,Eric Yardley,2019,SDN,10,0,0,0,0,0,0,0,0,0,0,0,0,0
yastrmi01,Mike Yastrzemski,2019,SFN,107,371,64,101,22,3,21,55,2,4,32,107,1,4
yateski01,Kirby Yates,2019,SDN,60,0,0,0,0,0,0,0,0,0,0,0,0,0
yelicch01,Christian Yelich,2019,MIL,130,489,100,161,29,3,44,97,30,2,80,118,16,8
ynoaga01,Gabriel Ynoa,2019,BAL,36,0,0,0,0,0,0,0,0,0,0,0,0,0
ynoahu01,Huascar Ynoa,2019,ATL,2,0,0,0,0,0,0,0,0,0,0,0,0,0
youngal01,Alex Young,2019,ARI,17,25,1,1,0,0,0,0,0,0,0,18,0,0
zagunma01,Mark Zagunis,2019,CHN,30,36,2,9,3,0,0,5,0,0,4,16,0,0
zamorda01,Daniel Zamora,2019,NYN,17,0,0,0,0,0,0,0,0,0,0,0,0,0
zavalse01,Seby Zavala,2019,CHA,5,12,1,1,0,0,0,0,0,0,0,9,0,0
zeuchtj01,T. J. Zeuch,2019,TOR,5,1,0,0,0,0,0,0,0,0,0,1,0,0
zimmebr01,Bradley Zimmer,2019,CLE,9,13,1,0,0,0,0,0,0,0,1,7,0,0
zimmejo02,Jordan Zimmermann,2019,DET,23,2,0,0,0,0,0,0,0,0,0,2,0,0
zimmeky01,Kyle Zimmer,2019,KCA,15,0,0,0,0,0,0,0,0,0,0,0,0,0
zimmery01,Ryan Zimmerman,2019,WAS,52,171,20,44,9,0,6,27,0,0,17,39,0,0
zobribe01,Ben Zobrist,2019,CHN,47,150,24,39,5,0,1,17,0,0,23,24,0,1
zuninmi01,Mike Zunino,2019,TBA,90,266,30,44,10,1,9,32,0,0,20,98,0,3
